, X (m/s2)__max_langevin_fixed_point__m_3__r_30, X (m/s2)__approximate_entropy__m_2__r_0.7, X (m/s2)__approximate_entropy__m_2__r_0.5, X (m/s2)__approximate_entropy__m_2__r_0.9, X (m/s2)__energy_ratio_by_chunks__num_segments_10__segment_focus_4, X (m/s2)__ratio_beyond_r_sigma__r_1.5," X (m/s2)__fft_coefficient__attr_""abs""__coeff_24", X (m/s2)__approximate_entropy__m_2__r_0.3," X (m/s2)__agg_linear_trend__attr_""stderr""__chunk_len_50__f_agg_""mean"""," X (m/s2)__fft_coefficient__attr_""real""__coeff_19"," X (m/s2)__fft_coefficient__attr_""real""__coeff_20"," X (m/s2)__fft_coefficient__attr_""abs""__coeff_10"," X (m/s2)__fft_coefficient__attr_""abs""__coeff_9"," X (m/s2)__agg_linear_trend__attr_""intercept""__chunk_len_50__f_agg_""var"""," X (m/s2)__fft_coefficient__attr_""abs""__coeff_48"," X (m/s2)__fft_coefficient__attr_""abs""__coeff_0"," X (m/s2)__fft_coefficient__attr_""abs""__coeff_2", X (m/s2)__ratio_beyond_r_sigma__r_2.5, X (m/s2)__sum_values," X (m/s2)__fft_coefficient__attr_""real""__coeff_0"," X (m/s2)__cwt_coefficients__coeff_10__w_5__widths_(2, 5, 10, 20)"," X (m/s2)__cwt_coefficients__coeff_11__w_5__widths_(2, 5, 10, 20)", X (m/s2)__quantile__q_0.1," X (m/s2)__fft_coefficient__attr_""abs""__coeff_22"," X (m/s2)__fft_coefficient__attr_""abs""__coeff_5", X (m/s2)__binned_entropy__max_bins_10, X (m/s2)__ar_coefficient__coeff_0__k_10, X (m/s2)__c3__lag_3, X (m/s2)__c3__lag_2, X (m/s2)__c3__lag_1, X (m/s2)__mean, X (m/s2)__root_mean_square," X (m/s2)__agg_linear_trend__attr_""intercept""__chunk_len_10__f_agg_""min""", X (m/s2)__quantile__q_0.3, X (m/s2)__quantile__q_0.4, X (m/s2)__quantile__q_0.2, X (m/s2)__quantile__q_0.6, X (m/s2)__quantile__q_0.7, X (m/s2)__autocorrelation__lag_9, X (m/s2)__quantile__q_0.8, X (m/s2)__autocorrelation__lag_8, X (m/s2)__median," X (m/s2)__fft_aggregated__aggtype_""variance"""," X (m/s2)__agg_linear_trend__attr_""intercept""__chunk_len_50__f_agg_""mean""", X (m/s2)__kurtosis," X (m/s2)__agg_autocorrelation__f_agg_""var""__maxlag_40"," X (m/s2)__cwt_coefficients__coeff_9__w_5__widths_(2, 5, 10, 20)", X (m/s2)__autocorrelation__lag_3, X (m/s2)__quantile__q_0.9," X (m/s2)__linear_trend__attr_""intercept""", X (m/s2)__benford_correlation," X (m/s2)__cwt_coefficients__coeff_2__w_10__widths_(2, 5, 10, 20)"," X (m/s2)__agg_linear_trend__attr_""intercept""__chunk_len_5__f_agg_""min"""," X (m/s2)__cwt_coefficients__coeff_3__w_5__widths_(2, 5, 10, 20)"," X (m/s2)__cwt_coefficients__coeff_4__w_5__widths_(2, 5, 10, 20)"," X (m/s2)__cwt_coefficients__coeff_8__w_5__widths_(2, 5, 10, 20)"," X (m/s2)__agg_linear_trend__attr_""intercept""__chunk_len_10__f_agg_""mean"""," X (m/s2)__agg_linear_trend__attr_""intercept""__chunk_len_5__f_agg_""mean""", X (m/s2)__ratio_beyond_r_sigma__r_0.5," X (m/s2)__cwt_coefficients__coeff_3__w_10__widths_(2, 5, 10, 20)"," X (m/s2)__cwt_coefficients__coeff_4__w_10__widths_(2, 5, 10, 20)"," X (m/s2)__cwt_coefficients__coeff_5__w_5__widths_(2, 5, 10, 20)"," X (m/s2)__agg_linear_trend__attr_""intercept""__chunk_len_5__f_agg_""max""", X (m/s2)__autocorrelation__lag_2, X (m/s2)__autocorrelation__lag_4, X (m/s2)__autocorrelation__lag_7, X (m/s2)__ratio_beyond_r_sigma__r_1," X (m/s2)__fft_coefficient__attr_""abs""__coeff_12"," X (m/s2)__fft_coefficient__attr_""abs""__coeff_39"," X (m/s2)__fft_coefficient__attr_""abs""__coeff_23", X (m/s2)__spkt_welch_density__coeff_8, X (m/s2)__spkt_welch_density__coeff_5," X (m/s2)__change_quantiles__f_agg_""var""__isabs_True__qh_0.4__ql_0.0"," X (m/s2)__change_quantiles__f_agg_""var""__isabs_False__qh_1.0__ql_0.0"," X (m/s2)__change_quantiles__f_agg_""mean""__isabs_True__qh_1.0__ql_0.8"," X (m/s2)__change_quantiles__f_agg_""var""__isabs_False__qh_0.6__ql_0.0"," X (m/s2)__linear_trend__attr_""stderr"""," X (m/s2)__change_quantiles__f_agg_""var""__isabs_True__qh_0.2__ql_0.0", X (m/s2)__autocorrelation__lag_1," X (m/s2)__change_quantiles__f_agg_""var""__isabs_False__qh_0.2__ql_0.0", X (m/s2)__partial_autocorrelation__lag_1," X (m/s2)__change_quantiles__f_agg_""var""__isabs_False__qh_0.4__ql_0.0", X (m/s2)__cid_ce__normalize_False," X (m/s2)__fft_coefficient__attr_""abs""__coeff_32"," X (m/s2)__cwt_coefficients__coeff_3__w_20__widths_(2, 5, 10, 20)", X (m/s2)__variance, X (m/s2)__standard_deviation," X (m/s2)__cwt_coefficients__coeff_4__w_20__widths_(2, 5, 10, 20)"," X (m/s2)__fft_coefficient__attr_""abs""__coeff_17"," X (m/s2)__change_quantiles__f_agg_""var""__isabs_True__qh_0.8__ql_0.0"," X (m/s2)__agg_linear_trend__attr_""stderr""__chunk_len_50__f_agg_""min"""," X (m/s2)__cwt_coefficients__coeff_5__w_20__widths_(2, 5, 10, 20)"," X (m/s2)__change_quantiles__f_agg_""var""__isabs_True__qh_1.0__ql_0.0"," X (m/s2)__cwt_coefficients__coeff_6__w_10__widths_(2, 5, 10, 20)"," X (m/s2)__cwt_coefficients__coeff_6__w_20__widths_(2, 5, 10, 20)"," X (m/s2)__cwt_coefficients__coeff_7__w_5__widths_(2, 5, 10, 20)"," X (m/s2)__cwt_coefficients__coeff_7__w_20__widths_(2, 5, 10, 20)"," X (m/s2)__cwt_coefficients__coeff_8__w_20__widths_(2, 5, 10, 20)"," X (m/s2)__cwt_coefficients__coeff_5__w_10__widths_(2, 5, 10, 20)"," X (m/s2)__agg_linear_trend__attr_""stderr""__chunk_len_50__f_agg_""var"""," X (m/s2)__agg_linear_trend__attr_""stderr""__chunk_len_50__f_agg_""max""", X (m/s2)__count_below_mean," X (m/s2)__change_quantiles__f_agg_""var""__isabs_True__qh_0.6__ql_0.0"," X (m/s2)__agg_linear_trend__attr_""stderr""__chunk_len_5__f_agg_""var"""," X (m/s2)__agg_linear_trend__attr_""stderr""__chunk_len_5__f_agg_""min"""," X (m/s2)__agg_linear_trend__attr_""stderr""__chunk_len_10__f_agg_""min"""," X (m/s2)__cwt_coefficients__coeff_1__w_20__widths_(2, 5, 10, 20)"," X (m/s2)__cwt_coefficients__coeff_2__w_20__widths_(2, 5, 10, 20)"," X (m/s2)__agg_linear_trend__attr_""stderr""__chunk_len_10__f_agg_""var"""," X (m/s2)__change_quantiles__f_agg_""var""__isabs_False__qh_0.8__ql_0.0"," X (m/s2)__agg_linear_trend__attr_""stderr""__chunk_len_5__f_agg_""mean"""," X (m/s2)__fft_coefficient__attr_""abs""__coeff_16"," X (m/s2)__agg_linear_trend__attr_""stderr""__chunk_len_10__f_agg_""max"""," X (m/s2)__fft_coefficient__attr_""abs""__coeff_20"," X (m/s2)__fft_coefficient__attr_""abs""__coeff_38"," X (m/s2)__fft_coefficient__attr_""abs""__coeff_40", X (m/s2)__approximate_entropy__m_2__r_0.1," X (m/s2)__cwt_coefficients__coeff_14__w_20__widths_(2, 5, 10, 20)"," X (m/s2)__cwt_coefficients__coeff_1__w_10__widths_(2, 5, 10, 20)"," X (m/s2)__cwt_coefficients__coeff_14__w_10__widths_(2, 5, 10, 20)"," X (m/s2)__cwt_coefficients__coeff_13__w_10__widths_(2, 5, 10, 20)"," X (m/s2)__cwt_coefficients__coeff_12__w_20__widths_(2, 5, 10, 20)"," X (m/s2)__cwt_coefficients__coeff_8__w_10__widths_(2, 5, 10, 20)", X (m/s2)__autocorrelation__lag_6," X (m/s2)__cwt_coefficients__coeff_9__w_20__widths_(2, 5, 10, 20)"," X (m/s2)__cwt_coefficients__coeff_7__w_10__widths_(2, 5, 10, 20)"," X (m/s2)__cwt_coefficients__coeff_10__w_20__widths_(2, 5, 10, 20)"," X (m/s2)__cwt_coefficients__coeff_13__w_20__widths_(2, 5, 10, 20)"," X (m/s2)__cwt_coefficients__coeff_11__w_20__widths_(2, 5, 10, 20)"," X (m/s2)__change_quantiles__f_agg_""var""__isabs_False__qh_1.0__ql_0.2"," X (m/s2)__cwt_coefficients__coeff_12__w_10__widths_(2, 5, 10, 20)"," X (m/s2)__fft_coefficient__attr_""abs""__coeff_26"," X (m/s2)__cwt_coefficients__coeff_6__w_5__widths_(2, 5, 10, 20)"," X (m/s2)__change_quantiles__f_agg_""var""__isabs_False__qh_1.0__ql_0.4"," X (m/s2)__fft_coefficient__attr_""abs""__coeff_21"," X (m/s2)__agg_linear_trend__attr_""stderr""__chunk_len_5__f_agg_""max"""," X (m/s2)__fft_coefficient__attr_""abs""__coeff_19"," X (m/s2)__fft_coefficient__attr_""abs""__coeff_18"," X (m/s2)__cwt_coefficients__coeff_10__w_10__widths_(2, 5, 10, 20)"," X (m/s2)__change_quantiles__f_agg_""var""__isabs_True__qh_1.0__ql_0.2", X (m/s2)__autocorrelation__lag_5," X (m/s2)__cwt_coefficients__coeff_9__w_10__widths_(2, 5, 10, 20)", X (m/s2)__ratio_beyond_r_sigma__r_3," X (m/s2)__fft_coefficient__attr_""abs""__coeff_27"," X (m/s2)__change_quantiles__f_agg_""var""__isabs_True__qh_1.0__ql_0.8"," X (m/s2)__change_quantiles__f_agg_""var""__isabs_False__qh_1.0__ql_0.8"," X (m/s2)__fft_coefficient__attr_""abs""__coeff_35"," X (m/s2)__change_quantiles__f_agg_""var""__isabs_True__qh_1.0__ql_0.6"," X (m/s2)__change_quantiles__f_agg_""var""__isabs_True__qh_1.0__ql_0.4", X (m/s2)__mean_n_absolute_max__number_of_maxima_7, X (m/s2)__lempel_ziv_complexity__bins_100," X (m/s2)__agg_linear_trend__attr_""stderr""__chunk_len_10__f_agg_""mean""", X (m/s2)__abs_energy, X (m/s2)__maximum," X (m/s2)__agg_autocorrelation__f_agg_""mean""__maxlag_40"," X (m/s2)__agg_autocorrelation__f_agg_""median""__maxlag_40"," X (m/s2)__cwt_coefficients__coeff_11__w_10__widths_(2, 5, 10, 20)"," X (m/s2)__change_quantiles__f_agg_""var""__isabs_False__qh_1.0__ql_0.6"," X (m/s2)__fft_coefficient__attr_""abs""__coeff_25"
0,3.085483652146762,0.2583280840280566,0.3501385879538166,0.2019886728778837,0.15097050122817296,0.12032355915065723,40.96584815433632,0.45094761542980866,0.03608576396545802,-57.812906926944606,-123.81317835860187,73.20505860220274,50.92406293981459,1.1979011359584222,49.2631721802775,3271.8753400000005,113.59848680152862,0.029322548028311426,3271.8753399999996,3271.8753400000005,4.899070700624408,4.034335788666187,-0.13359619999999997,45.170277893687214,25.902516124612536,1.3255025465079768,0.2220656149522361,67.88956795058425,77.31012892839385,85.25653125840567,3.3082662689585436,4.273616552847601,3.837698208888889,2.9573181999999996,3.70383,1.5892712,4.064157,4.218584,0.16993167738300333,4.688565000000001,0.20639957619739652,3.981557,7407.4937969155835,4.2131491556703295,4.027419288319466,0.07929545792592993,5.522864215302268,0.6918146305367308,5.912481400000002,4.291827367484756,0.2439074261853078,2.596732655863772,4.024859475711893,2.893819242834776,4.069230014691813,5.861416977561484,4.280885086307519,4.284674993787117,0.4256825075834176,3.7779501285611063,4.855490909753624,4.9827663099960375,4.5243526165169285,0.8405811289107576,0.5395224764560009,0.24965008563656865,0.2345803842264914,81.79255146603651,158.96350045124137,185.32274474535845,292.77297550844395,67.31256285298922,0.6199231556559807,0.680127930415244,0.5490160960451977,0.7780289247262399,0.00029489174157411606,0.6788484634159272,0.954539454541378,1.4858486662894195,0.9545394545413777,1.111383814806752,25.922315865405736,229.751945697396,2.50007862266238,7.319172734444125,2.705396964300087,3.2370064933229816,102.48939575203136,0.43188445507054085,0.1460621245027055,3.9486136759648254,0.4552361511421401,6.5688628679428085,4.629839510513969,5.889130020448187,5.276012457409308,5.8829038208654,5.795188062674504,0.2904540658006797,0.10290915902249452,321.0,0.5151236744841888,0.0032521072782552484,0.003482244845485727,0.010263422768794127,0.9720859819715197,1.7432207304990923,0.014191690690265355,0.6055222825421506,0.0030500995870863493,114.14356909137838,0.0077201212555941595,123.98261505997056,86.21004509732259,162.9775740777421,0.5669296314326702,8.528228492710412,1.350242123239924,6.0597769998354245,6.662770750993994,7.850961541281617,7.543422694027408,0.3138618328956336,6.446775972718242,7.155739518299587,6.9644178636230825,8.216283852778359,7.433173451893376,0.3351618358881865,7.159465876673827,162.6532853822373,5.5953877340317515,0.2753821966080526,218.71167225335597,0.002898708386696379,170.36220548414363,178.34556715838337,7.715834590765338,0.23364345990686886,0.4096664821021991,7.728368992955929,0.015166835187057633,109.93409339962066,0.3055155444544145,0.6058422207554681,227.27433545205264,0.2711809951937139,0.20241977063256253,12.677126857142856,0.3953488372093023,0.0078298004665969,18062.89665792451,15.203181,0.11818401770323098,0.09680250931366606,7.519306100217767,0.4050826855717574,115.7136428688515
1,4.1075103154793675,0.2921651848793585,0.3497734145171496,0.24784279958035282,0.19369430034437438,0.1218014329580348,22.308675655909443,0.4449910191867512,0.03750369923273403,70.7672292868144,18.052450411352595,24.796631281572214,62.015748420491704,1.842213810947917,67.17895971927219,3793.1612809999997,418.7841800487325,0.04708290685772774,3793.161281,3793.1612809999997,3.93882242385403,2.4820711759757863,0.9574416,20.607070185016436,64.45747323377127,1.3569491594159457,0.25542848316170613,78.57693851324726,98.319427337992,121.54675140872494,3.8824578106448313,4.698040345104756,4.1389441144094,3.8340746,3.9940067999999997,2.9075186,4.1845858,4.327519,0.07420148841403897,4.9196052,0.03158596064852175,4.077325,4998.561663668446,4.444255107269841,4.637193665483699,0.052515393689335235,5.251162964254693,0.5019001723114342,6.260598,4.533442042907109,0.11529184120365531,3.2638772819318618,4.307428500258986,4.342316037686411,5.710128241837479,6.279384229108796,4.522166494566657,4.52735067205014,0.33469805527123847,4.34736102983562,5.297061339068182,6.631113379050699,4.809279573241479,0.7412312776923011,0.2749766000793985,0.0008963053014741076,0.1985670419651996,106.20163072368354,180.31396852008754,130.23527461588395,137.61350850716107,126.60696103560599,0.6456967147095117,1.0164833148249153,0.8811744216867471,0.7329133630659893,0.00029733563046674345,0.7383418616163783,0.9283870403568507,1.7136366769484228,0.9283870403568504,1.100421759571925,31.497426967280234,140.62887410001096,2.5932610067872273,6.998104432794962,2.6453930582798018,3.2901305538885093,203.40079605935657,0.4737838058149358,0.14762238369183392,3.960381201711007,0.6974694792705662,6.684340412503167,4.599315771794224,6.902501047312638,5.202638337716079,5.766501737145036,6.083304654928935,0.2836919783973222,0.14845994340825155,312.0,0.5208420585135867,0.005774689437730095,0.003263918428879613,0.009673217901963871,1.1401194993338217,1.8748149764741198,0.023552768341136853,0.6517361755806008,0.0028610250834330575,251.42652246629135,0.009897577775415242,179.83174574062505,110.90635927708158,99.7160709411727,0.5162161326825387,8.170799002882237,2.082599336024672,5.151179501271245,5.773818783203216,7.568233665278573,7.28938439204717,0.01721459647062922,6.287550736860265,7.087435631955588,6.762953073699702,7.8952250962289225,7.190422881346506,0.6452797185562599,6.332104417752259,19.808078577020495,7.033323861167586,0.7843455022939786,202.534311203862,0.0031238400721517578,188.9769995951135,336.4078561206632,7.123336068099848,0.49453432100120237,0.10663882613697963,7.296387255957959,0.02456499488229273,137.4831013286407,0.9546881075570995,1.7311562068357351,256.3666904198039,0.7882247261157691,0.6044828085259079,13.986584142857144,0.38792221084953943,0.00663576613666522,21563.93667329468,16.577452,0.10201813094222545,0.09619443919057957,6.792553566024966,1.1481102074376046,102.81805943873974
2,4.263469714434918,0.24384119637979906,0.32897033649820395,0.18583664663067756,0.08395314773610354,0.115,10.27822181208099,0.42450188630763863,0.043404884013414295,-154.95462561237483,57.044863941328394,113.66973064795638,183.99121628194925,1.7132359392532157,19.42163196495506,4234.583832,205.7554303909789,0.04,4234.583832,4234.583832,7.870421435911769,6.628946326159662,0.8920793000000001,26.58140833571492,230.72186750916157,1.4629335646753654,0.1950523418913678,118.12286757927296,128.05339905389835,136.94526427395687,4.234583832,5.021214701258565,4.6937124861386135,3.955221,4.496311,3.1907528,5.0330908,5.422866599999999,0.16213419224327513,5.6481614,0.19388566866638993,4.903325,5507.521221930719,5.265313328,3.814431606994106,0.061395171057408174,8.74680276831309,0.6958542534357258,6.5201293,5.320050341136863,-0.032753083585425155,2.607120447028021,4.979315926865672,2.486888425443789,4.70875120087501,9.12248965356483,5.311653170851485,5.3156744380895535,0.439,4.4395388240000875,6.1643244880713945,6.6217112581187,5.646865335522388,0.8455845764579746,0.5413129886982346,0.23640709206495147,0.199,137.95388682226087,94.12839748383374,29.6301940712409,270.8442952067407,68.97620672138778,0.6193224945686807,0.6309889071833101,0.49321958479532163,0.7392622586815137,0.0002877743690266424,0.7471461119987117,0.9576408659056127,1.7181822283422274,0.9576408659056125,1.031676642417484,25.10693575757225,152.097828667665,3.2245268912819434,7.280896845899326,2.6983137041306606,4.305173000477788,83.50947813895799,0.4242148950214861,0.16965300641699363,5.352436578673776,0.4365342300355453,9.071629881852191,6.35862644753196,8.903458988724893,7.316577225236048,8.219735067059508,7.725001057920022,0.25862242820177683,0.1023111846488073,365.0,0.5053226172799312,0.0029928549444897925,0.003503425379679436,0.010857545111187951,0.9958973177681808,2.118618939914532,0.020529622979268528,0.5857911148712954,0.0029852649132743035,322.2082183754259,0.007227835648599757,137.46587840683478,200.56092361128034,169.1627374394461,0.4953253795373862,12.21427518226606,0.7271931920840613,9.763912850129774,10.58525227093791,11.178599686676232,10.970414400163548,0.3038315501224525,9.06223184382091,10.16335061673905,9.838948803944227,11.735422849750222,10.545566213408904,0.2820540795779227,11.203055534681718,179.1484858523254,8.056803918368152,0.2804250956554682,52.45064176538473,0.0028156624084384797,158.898985390095,137.11918060858716,11.674724441667777,0.2090001644252977,0.40590159861087477,11.475570671993037,0.023,21.25630373641744,0.35107300968102656,0.5933452700719973,56.62729743861932,0.24164887826605272,0.21427683863556488,12.177080714285713,0.398,0.007326551979106279,25212.597076135127,13.442245,0.13360446712164653,0.09972714097355415,11.57683203498166,0.33843734756796046,141.36884928430402
3,5.977375333161836,0.18630432648741513,0.267747857176875,0.1357667630368049,0.10231658513173825,0.0642570281124498,3.3894128962384755,0.45916671071619275,0.004782221330643517,-0.15954488679077006,-2.485722990091679,2.8400243212175065,3.603404491116461,0.08430059939032253,7.6123361800386,2951.752625,2.834729392402522,0.03614457831325301,2951.752625,2951.752625,5.651536962549953,4.22702666241273,5.8072557,10.424321070089166,2.7788230714248416,0.9998049513661653,1.3783664012583237,208.6927716712857,208.80583349849024,208.86281087279573,5.927214106425703,5.929813473302926,5.739678929411765,5.893328,5.914876,5.8634,5.9582104,5.973533,-0.3478337469366682,5.9957992,-0.3774091673160134,5.936423,1079.3937165056118,5.969040747515151,15.200599649744953,0.0603658237088445,6.892049976243843,0.39737769569879255,6.0353034999999995,5.9724914589017395,-0.19209461748002182,3.8002841828750333,5.842221493663366,5.1628957599740986,6.775728501454013,7.830343701698884,5.97216408917647,5.972671979207923,0.2991967871485944,5.41571986884097,6.873713566963346,7.866203084832078,6.100090572673267,0.632184696740234,0.1542865920807611,-0.3718667460665395,0.10240963855421686,3.920535541846618,6.692586588926067,7.4315894298477225,0.03191258341543253,0.027140483026458988,0.004373675239169591,0.006801302924508623,0.06264302631578944,0.004495090438219895,5.421937759807649e-05,0.005886079777576896,0.866806194118017,0.00914436415591434,0.8668061941180168,0.00622770776795041,1.8388300578854484,10.237268108776457,3.3390069199770753,0.03082076475306699,0.17555843686096945,4.400027298859138,9.607502142854385,0.002315218091115252,0.02863730645875825,5.426034013704424,0.005082070976291026,9.14993376264414,6.409838149553295,8.358873440373085,7.3447939856058975,8.224874763318162,8.130103630449781,0.007679995952547735,0.03665112367687108,226.0,0.003103338315140019,0.0001225685012139913,0.0005906161410152885,0.0019516416769250289,1.1428772467543005,2.250619283376878,0.0008142496156176716,0.0033628802916217753,0.0005113192835335154,6.106200409536173,0.0018379530253088776,8.186699463754483,10.146715411737754,3.526318585614541,0.902816096404008,12.10696867873184,2.0785694202275296,8.296491698583685,9.099738602943912,11.1007962578513,10.39529183063963,-0.2915889198927916,9.044735794060376,9.909095275319759,9.799766207884357,11.641543520254185,10.486130745162406,0.004499247703047759,9.771385337921147,12.05010410388843,8.389770694354121,0.005625534478306945,9.776593283670275,0.0005980432607274267,13.04644073212683,9.5959095546973,10.559354022911187,0.0034437750233809153,-0.09849683225906412,10.60827395529401,0.02610441767068273,13.095910818478272,0.013561230966157212,0.01745086161342937,11.920530608258343,0.006921029824980967,0.0044273779210844445,6.757634428571429,0.43373493975903615,0.0007337479108120245,17511.018538426124,7.156269,0.05479828171007145,0.04312298053445243,10.27025225659936,0.008522986062218326,3.93422457742476
4,7.651573894330509,0.349407168276455,0.45194901199542437,0.2759773303739095,0.09987602108775408,0.11818181818181818,28.27175349130428,0.5842056845939574,0.006293757944200119,-4.204668956029666,-4.926065466342024,10.455689938599852,3.4290769254990683,0.14545333357215295,3.5905241634016543,3388.258703,17.985238925266,0.03090909090909091,3388.258703,3388.258703,4.462575309369508,4.155785908209245,5.8847086,4.8928472581654345,6.606242842611708,1.6151286547026285,1.1510191616098036,234.0665031615065,234.4087808060562,234.80953874577446,6.160470369090909,6.166083532639935,5.813364255194807,6.084864,6.119579,6.0247694,6.189012,6.250063,-0.48405656435629846,6.321889,-0.4357089505448709,6.1489085,1165.6432829669113,6.211647529999999,3.2686133170405527,0.08924797115566047,4.874198953529387,0.48235531908727547,6.457162,6.216064773859099,-0.23182232227561614,4.018071563615094,6.027729882063881,5.611879364243558,6.40964342922728,5.394661660628964,6.215062842792208,6.215605902997542,0.4381818181818182,5.701102318819685,7.236239784252419,6.640923753927309,6.392544450614251,0.7133606272097892,0.2470970413360638,-0.33071199352654806,0.22727272727272727,9.12029513907761,11.225876290183955,20.012633498679783,0.47209088176296193,0.03483441107394169,0.006156922855238088,0.012257368469879777,0.07794615730337076,0.008453056363876024,7.024145358492383e-05,0.009425029300363055,0.9117066421116415,0.017168652539850435,0.9117066421116411,0.009865292906460888,2.5941341107554554,22.928982621614026,3.952908654325358,0.06919096304630556,0.2630417515268357,5.059746354469014,20.63191109715811,0.005591828937601185,0.031822834817897654,6.126187674988152,0.007521122207757756,9.694966805830468,7.144661839162014,5.958100060628086,8.108209422384142,9.010561193005199,8.57956801651304,0.006491328889358996,0.01618317503901017,296.0,0.005360507840881005,0.00012060352144305311,0.000774798672759475,0.002120269330924244,1.6508299016350405,2.8137663118551304,0.00046917938421456193,0.008858985133636244,0.0006818756418768275,15.824333306945416,0.0017965740789304865,6.017642637497352,17.576727717107755,8.54440371912484,0.7001223261132203,12.89001495898649,2.2369489843909394,9.349383398854997,10.170451119676304,11.910285361824034,11.144855285398885,-0.17388373278232308,9.846207809348623,10.55559224544647,10.610455617958308,12.4408557451514,11.299466276396167,0.008434447854615976,10.825688107630489,9.24758077051991,6.431892676097859,0.009021515893235115,13.50969569479798,0.0007218325607460474,4.746076375203577,7.0085282882433235,11.496359879295888,0.0052352927283243755,0.022323504486085707,11.456869077298963,0.014545454545454545,24.920670099382995,0.006662308345503346,0.012679749395592976,8.283537485700753,0.0057701049067852865,0.005287000684560459,6.892564857142857,0.5109090909090909,0.0015460227782331656,20911.32237232136,6.9372,0.05520030311838457,0.07225324330748724,11.278066425585632,0.010298543444024835,9.882403018518389
5,6.690893009508704,0.24247290363853713,0.33890991065380605,0.1880975218908999,0.10030937630394253,0.07129455909943715,9.976694666492524,0.5346151911963464,0.0038249602787008186,-0.7484329260324332,-4.7411618089575525,7.210580592909446,6.349360502327621,0.09351793760591653,6.152662393919704,3388.471762,21.17080712405734,0.0225140712945591,3388.4717619999997,3388.471762,6.493467244075925,5.153204079724947,6.143522,9.388795100626389,3.8026032496342395,1.2471260494060523,0.7804830809928013,257.6919223246525,257.8425030452157,257.91544386510816,6.357357902439023,6.360929772042799,6.319089951515153,6.279991,6.338649,6.211756,6.3915614,6.421249,-0.1806800724537605,6.460274200000001,-0.16859183567152183,6.364985,784.9141237293398,6.511793131322314,13.959889092687895,0.044854792935020565,7.5929338136309905,0.543565576537881,6.5340162,6.526436861563758,-0.20976188535678822,3.9111047676241943,6.4037996355140185,5.202657714595786,6.857542946157988,8.364143653846707,6.5277563955780025,6.526475301696088,0.4521575984990619,5.704565564388023,7.335124026682703,8.009012881039723,6.66139571339564,0.7513680564953317,0.3267780268999666,-0.11649550167198425,0.1726078799249531,5.233813938967188,9.482612316354082,19.37449806570697,0.16336356419505366,0.055022090464615175,0.002341306945893748,0.006399164153128285,0.07811781395348835,0.003846495056541362,5.341217748673211e-05,0.003688116243584587,0.9215697873515436,0.005927793517982313,0.9215697873515438,0.004448778658540296,1.845089577136568,14.751790525630081,4.004731717458278,0.04542806515653833,0.21313860550481775,5.20845569795379,12.804866617526462,0.0017505963592537523,0.020039839497753488,6.37298967528896,0.0039851217403640395,9.921529141978791,7.489960066982345,8.730605933592347,8.55157765264521,9.550723965098893,8.753869117537528,0.006704717163523953,0.03501438950280958,249.0,0.002132389524824897,0.00012173691082613493,0.00047356765720589673,0.001481314228636419,1.5155089103030486,2.77067193586177,0.0008520888928235832,0.0033483885066902786,0.0005111729209393274,3.7157978124763797,0.0021618105006627197,18.177143335068973,13.005732161439637,6.769130182144198,0.9034668576131013,13.936663725557219,2.0108443959530833,9.496273075882687,10.315500382376452,12.807754415702357,11.40521359867721,-0.021545889257322676,10.481029955186258,10.810340941788185,11.336943067276527,13.416020850780857,12.113778064556113,0.00549910402061187,10.987651101290346,16.016308849073848,8.627794667385011,0.006568656436874447,6.61993022673305,0.0006956056776257428,17.930337981476793,11.561853497202412,11.717729069451984,0.003491801728193907,0.12907645347266483,11.704124202936178,0.013133208255159476,18.18149662648605,0.011541034460639794,0.017637827710692257,7.811919632615572,0.006437272650253576,0.00443588612320181,7.423051428571428,0.46153846153846156,0.0007428964461165791,21565.940892070623,8.032547,0.20725070168118123,0.2180815754434437,11.468238143122917,0.009380071574292465,7.088514820713115
6,17.58115674297657,0.054204789439811774,0.05353557390669583,0.05356687576836944,0.04216229568730377,0.057283142389525366,441.14919659876904,0.0726715307014425,0.12225405455352953,307.51808909675856,-425.16615545124,283.07842360351384,264.2371782471929,3.193800113532639,126.19991286778921,3681.7435119999996,354.0539863411896,0.04582651391162029,3681.7435120000005,3681.7435119999996,4.712506231276644,3.1105886419610203,4.923676,452.94594899996395,63.94740513430731,0.4306266373659448,0.6736666194080443,543.5985152521656,576.3219167502801,594.8366181324997,6.02576679541735,7.973707814957318,4.882319640552996,5.158308,5.189432,5.036203,5.284003,5.48751,-0.2283454047788246,6.236896,-0.12051971354282927,5.213374,4288.744035062346,4.941568633406591,20.454262579368073,0.0858414462228976,6.150412580906046,0.7028797233193779,8.394072,4.692500751243543,-0.15646915868513284,3.5561614702589393,4.77623404209284,4.921647288659065,6.495185145345186,7.268407174810936,4.775003600921658,4.73045477057435,0.11129296235679215,4.899959598592245,6.093566668910913,7.561875415728045,4.6716025066876465,0.8455332294950959,0.5522470724216131,0.02763174750182896,0.06873977086743044,311.3989095149309,205.03183864829018,451.8424048928491,793.8128820085482,480.82613918737457,5.735777291993893,2.8648161988463228,1.0263459736842104,3.4500745081025954,0.001186585561921137,10.854701869041257,0.9489879559145716,11.502440409603905,0.9489879559145715,5.92716293958041,41.80357270352631,293.9661050358049,3.001670879761021,27.27015084555714,5.222082998723511,3.9021766633675172,407.78538323070234,2.4344186850924947,0.8027920642793287,4.772943579713538,2.677886206377766,7.892798808304233,5.60794190669454,7.932268666373729,6.401587931212334,7.148820348776113,7.100399762501324,6.22165826034308,0.47835257435157486,471.0,3.373656425259001,0.06416101706007193,0.013893303043807936,0.04791204688550615,1.1374279843104715,2.077845314138952,0.5293745488975746,2.4955424385953013,0.01229162676825805,406.5311477584438,0.038273070844641634,467.24497072938556,231.109122048547,195.03033986691474,0.20203696444504682,10.450168860749386,2.1057623223308,6.5877921600725315,7.297639664951217,9.593089753097058,8.77564520275649,0.20552908132453082,7.845146884189765,8.453362581241722,8.486684388058116,10.053496477298028,9.070190771480533,0.7007136074237568,7.917040200890186,403.0824329568669,8.045410686785983,1.0195789259912988,466.4208140386171,0.012865729793373191,469.8219305047592,436.51984074901134,8.733560042072288,0.599666259332768,0.38021949577134545,8.864131419966625,0.0425531914893617,423.1360188155591,1.7550853904132537,2.8029674755321463,249.41923342210387,1.0968591020117442,0.8307101681999663,28.547092428571432,0.24222585924713586,0.02453846680073958,38847.389970488264,28.771122,0.06647951095572675,0.05949910932018842,8.407599601547531,1.4688745718522913,418.6177686330922
7,36.37833927596845,0.07060378683968127,0.10640613678473976,0.06184403718077114,0.0649225121228501,0.05457746478873239,442.22227317136384,0.16352522010753368,0.21138975773642768,356.7939029695712,-151.167002738178,217.254404669475,201.63982493978133,7.44899321188219,238.699321921778,3284.553835,525.8404834458314,0.04225352112676056,3284.5538349999997,3284.553835,4.037088571445303,2.182239962154249,1.8635266000000001,314.0369181915657,234.02122045514906,0.8566601698936663,0.5580682410778428,592.2171753304214,649.1037631239626,613.836665508027,5.782665202464789,8.163876224652295,6.186357998790079,4.9728767,5.0730736,3.6298494000000003,5.894285,6.4687739,-0.1869661696472577,6.720524,-0.18517531292318784,5.207389,2767.3507629555415,6.437625010655268,22.9807933455393,0.046238139395344525,5.782622123530594,0.588127446598919,8.876981500000001,6.239595309203198,0.07990337883197875,3.9611271550941227,6.246331661327233,5.8725388519301,7.4082562985986025,7.230970335782658,6.2549097621143375,6.259854234467328,0.27816901408450706,5.233365616003626,6.334166178524309,8.343051780319001,6.2795707016018305,0.7872300286677654,0.3621655926989942,-0.13304148364783427,0.06690140845070422,207.57550542437664,329.2689651160799,345.8315647356593,753.9322102748689,227.8198578880608,5.766472277964506,4.224105839077381,1.346289528846154,4.7441485969842105,0.001475739840039195,11.240183392797883,0.937727202263605,11.96801185985919,0.937727202263605,6.028266582488705,48.93956783194792,385.03453688569806,2.9443522015941044,33.20965816764588,5.762782155143978,3.845174434558447,336.9650594463636,3.446107265674658,1.0696641662764201,4.716999682658944,3.896364245739841,7.898487309071194,5.553938753725493,8.215762708078229,6.350542063767476,7.10185600095125,7.2302498560273225,7.581709961560037,0.7053980898285086,333.0,4.564307216798017,0.14931422960772564,0.018545230258672753,0.05215849057815223,1.081074704920655,2.0207969117994757,0.4099568178276507,3.56465899495415,0.014454880618427994,332.1095269895201,0.04939646099300313,290.7136630139302,287.40785944658955,318.45999761974633,0.25725258750324187,10.454033078427415,2.559090874116456,5.838464518726351,6.567274450214576,9.574976480102116,8.515669172081196,-0.02294821978892297,7.803471874144457,8.327023992987408,8.451565807077664,10.045777447005428,9.042926674250387,1.6681148722200143,7.235726046227063,408.5788074231685,8.610370766845673,2.199647721194302,312.6526514507004,0.015044314165907898,359.7799649231629,378.08594513753104,8.227895749255318,1.4773189772957938,0.14670950910281452,8.475524303623976,0.02992957746478873,376.0675123505745,4.128934227752807,5.935953491269611,288.5301674721802,2.3991481684414264,1.9096558308519553,34.047771999999995,0.3045774647887324,0.03989047942519291,37856.56100649963,33.255463,0.13505873693515563,0.10598037847408835,7.802588573129353,2.8959588899327615,438.76811940633917
8,7.139238435249554,0.06830316433350958,0.0776456362076271,0.06482032873470484,0.06663370463555321,0.0583804143126177,419.32575149538764,0.09347655832208668,0.2318356511794673,353.6884575056001,-140.3390477000521,347.34599227424513,263.10555670151206,16.712032415041197,108.38721809914242,3167.940642,437.2734767507371,0.04519774011299435,3167.9406420000005,3167.940642,4.6670452116445835,3.6266908954668597,3.38181,426.52971114838317,159.93296686662114,0.8369858081744189,0.39192389160060037,669.8533718062456,613.8146388265523,526.881829584535,5.965989909604521,8.695532812360058,5.2029066740740735,4.39336,4.76087,3.916914,5.645528,7.04015,-0.21574490708270588,7.489063,-0.14157496259825897,4.965574,1734.707819527997,5.9053491794134905,22.814193066592974,0.06562673509373992,5.561073254722478,0.6728962467248327,9.355343,5.808817286988659,-0.11801389672214786,2.733208370382623,5.362814224299067,3.5497592979894543,4.88412787128934,6.198166552959714,5.900534340404041,5.850147191588785,0.14689265536723164,4.132936701392624,5.426967005875337,5.844546075699223,6.415528841121496,0.8371397810108405,0.4835318950793418,-0.030862356891623883,0.064030131826742,381.71922651298854,234.34912171269704,427.8974896209059,724.021440949066,493.98325853213754,5.853636528231598,3.7066579769817456,1.3380861584158414,3.9593343800684706,0.0017941497283173837,11.621380675878832,0.955326939143885,12.534638763422464,0.9553269391438847,6.177984538851578,44.32301504462361,300.91657645620023,2.8650768817284864,40.019255289327475,6.3260774014651036,3.7402370496242923,455.42533205292955,2.85443727015459,1.3105596979637582,4.585459595580477,3.385712181687688,7.548345107498408,5.394662484049688,6.491631835352402,6.162228017402074,6.883066849155693,6.576396288080774,10.974454387901803,0.8094177404478037,328.0,3.7919273824037907,0.1419832125965466,0.021551648940686043,0.05867716898040513,1.0511402730796187,1.9664511904823507,0.39254820491096165,2.9678869963939505,0.017911337935841466,457.07681083044696,0.05391317895055455,475.47584538120077,258.4502757900532,180.72185213585888,0.28359929849186427,10.020535805178653,1.2709004598048068,7.7005616947454865,8.343477788117195,9.218748387474424,8.866670806301233,0.11526016551937533,7.55267465122482,8.317409322120708,8.167178794409049,9.651500423973841,8.72337369470293,1.4563391772658036,8.840099696499767,342.25647380890075,6.38293263175432,1.840612940664864,477.0935373817295,0.01806256574824005,450.4209662810126,467.13054733579946,9.283203960670246,1.2549119787014957,0.2911500992765201,9.188224192055785,0.035781544256120526,329.8531331475279,3.6250586795078967,5.414306560727599,317.1052088879476,2.1660422949059295,1.5577948261821752,35.59442571428571,0.3163841807909605,0.04937198579596331,40150.12646303095,32.55875,0.09722059445136484,0.08772089727168852,9.161340975445393,2.7024850222843178,374.86076097611914
9,8.827078870757294,0.05647211652854378,0.0609372146653655,0.04310499468620599,0.4025508943341569,0.043478260869565216,474.46837954866396,0.09907184813611469,0.0862128792382568,429.81779881694695,-424.57890520531805,299.79695131434676,214.76322476884226,33.02010785878094,420.01320286099985,6202.41534,435.75383114145836,0.034526854219948847,6202.41534,6202.41534,6.798303852659478,5.216947947279735,4.9610256999999995,437.33786338032786,151.68712916284017,0.759154390268473,0.6997125783981984,772.7550594793629,736.3404512367628,714.9466704755257,7.931477416879795,9.531396929357271,6.627318877848101,7.777564,8.1244842,7.317159,8.23366,8.2927961,-0.286653233731978,8.4285476,-0.2272117932664206,8.1815855,4225.29318177482,8.4590428996875,41.89250467324802,0.06653091044725448,8.330973372588065,0.6338586184972376,9.095453,8.473840466845008,-0.335601474979639,5.308503617402767,7.719208118922841,7.590157271780561,9.529931592056265,9.65997403339902,8.471523425379747,8.473252004176407,0.15601023017902813,7.58059673381454,9.642230505835835,10.664660710084023,9.407921031121505,0.8146269028041543,0.42882698531702984,-0.1205592633981249,0.05115089514066496,284.0021398493439,386.60829269504194,440.59925383949,632.794523518729,307.7185721172841,4.4037876161347675,2.9818585511892675,0.9768782794117647,3.090623982993102,0.0008369094640183811,8.615684874871315,0.9478914773622765,9.4198279187213,0.9478914773622765,4.72059303372992,48.257969340196176,355.97664178410747,5.285112781366663,27.939193410487015,5.285753816674308,6.7948582142678875,352.61574453173137,2.1315607791073647,0.8804813102316442,8.252833946215478,2.78210044233277,12.90518248082165,9.648692782934308,10.60740281533582,10.972871548018283,12.216698382226946,11.433152855437326,3.7159332969101464,0.5108089301166692,253.0,2.94093870569799,0.06966726340531255,0.010368916197210606,0.03815024024659882,2.15486116326264,3.7346040831109217,0.5351605602225441,2.2170088365918996,0.008301220138774983,376.4097860712017,0.030418255742253538,453.3551246323877,371.5217858889126,366.8313416671414,0.2959282862108663,17.639101026252238,2.895431871494406,12.266859701200985,13.33756910523985,16.25106465362547,14.771990447365418,0.03233454201690419,13.372487853320735,14.024318805870589,14.433617748579074,16.99989061466676,15.394589224688133,1.41957991378829,14.210544333703847,523.7094743880564,10.993255200586777,1.7553438088261482,437.9507325960501,0.008524465620053254,430.11883229819944,388.05476062684056,15.156878435084103,1.3221061412278727,0.22078224087054,15.145385222185622,0.023017902813299233,397.1950799849892,4.688314819893775,5.642274323235281,426.0412671478773,2.502618195733681,1.642753220702456,38.06455799999999,0.24552429667519182,0.01442763773401067,71042.76644631966,38.540661,0.0463283588695582,0.028465297198042104,14.832639451019025,2.754875763509887,474.5474896144684
10,13.205885541627701,0.05123718381487158,0.06866182037325497,0.04473219275955703,0.06903319620142997,0.04991394148020654,345.8492516189875,0.10714787995599373,0.08440951927919121,240.57064356597033,-333.08409318502885,275.75782621289795,281.8112195433782,8.103772715415765,214.3215684420375,4397.074710000001,188.95681663896113,0.043029259896729774,4397.07471,4397.074710000001,3.9812407763461675,2.69367199953765,6.198588,355.636753255523,218.62889442910753,0.6033439896162276,0.4298150712644663,767.0683846983275,692.3326559949232,596.6544479525281,7.568114819277108,9.271495373199974,7.324487935593218,7.028179,7.240066,6.63553,7.583634,7.691373,-0.2571636575703719,7.790732,-0.22337855510929033,7.447165,1416.4034807635492,7.620673706906534,36.84123158992942,0.06323753313606338,5.527638231321641,0.6197872750903003,8.792706,7.613313619781038,-0.28457250506257425,5.601808785524269,7.496787468781689,8.644389952041813,9.989409560312932,7.188893303142315,7.6443004974576265,7.630105234825438,0.0963855421686747,7.404754564333082,8.98726729672208,10.376689740442389,7.770244973344922,0.8138255038655328,0.3991259601481396,-0.13959642051821983,0.060240963855421686,315.4637139005719,267.0674022182631,355.41135353865354,1032.2921567603707,556.723887460401,4.9928113806971455,2.9325781244746807,1.0023172277227723,3.4625013384261774,0.001327066049133736,8.489014562828851,0.9505290064255209,9.410714123968612,0.950529006425521,5.349555962843883,41.24191583599865,303.57767233424073,4.502391815097006,28.684264537506746,5.355769275977704,5.730316716139421,412.60074898179215,2.4337790868655373,1.1409441461797296,6.912825712293112,2.6898315864905173,11.320111482163547,8.04178945559241,8.736011280779811,9.109761590229105,10.11006031106158,10.30357625709054,7.925961425973539,0.5078858941147152,344.0,3.277281150163728,0.06905425038512895,0.015913552199850713,0.05712527654596701,1.9456506349421767,3.237768893895197,0.6731512641050377,2.543070390051234,0.013603637425068668,415.13864956044364,0.03841601174604927,337.1370925188443,261.3279242738628,274.9339196505881,0.33387428124424856,14.426931665640067,3.6342405875216213,9.025482032259125,10.056324097058479,13.331060513639557,12.388134602607852,-0.003172533677133109,11.036837481195544,12.016897637064222,11.885130422739056,13.923466761223949,12.650902188089548,1.0571587411097236,10.962264307601195,343.31238675541624,9.890017706121329,1.12526716655417,375.89971345137207,0.01451793317945918,376.9222615483124,417.3742320586066,12.199303501719694,0.946524723574051,0.18214904552501396,12.441938822140651,0.03442340791738382,313.1659213858616,2.5902133149799385,3.5912306757271906,309.83969857052637,1.4459285798243915,0.9920988373740874,32.61159271428572,0.25989672977624784,0.02844153813485428,49943.12397051101,28.301859,0.015607425207850734,-0.01910022191558042,11.692386422257272,1.698062265279217,332.2663051928058
11,17.39125878519222,0.08190111097693986,0.11093560274388004,0.06182933861981926,0.07970426523895152,0.04700162074554295,429.268452010927,0.11749927756441081,0.09987221597849875,107.48968516310987,-302.9256504663461,285.127897448765,214.04570789230613,14.880040978785598,218.82942017008415,4699.767649000001,363.09581032955043,0.04051863857374392,4699.767648999999,4699.767649000001,5.89459058099588,4.482726189009319,5.1788974,489.345853295848,142.54368574230205,0.7815602543617042,0.4285143416361695,764.0474528947788,703.5540612775868,625.3347496020369,7.617127470016206,9.382179108606461,8.794318334869432,7.4284896,8.200141,5.8365844000000004,8.2882472,8.335413,-0.1812169373912939,8.3959864,-0.08290905814144978,8.243237,1976.6938455204195,9.162243771144151,31.766462789193245,0.08458801944879236,7.355139625104439,0.7106850311609155,9.372820599999999,9.262639383864926,-0.28524517135160227,4.983244259269981,9.000025854580647,7.701116075606546,9.420661514849824,8.719735534831964,9.240598537239412,9.256238978658065,0.16369529983792544,7.166025763527296,9.146204919505184,10.308308819563246,9.464576763741936,0.8574401523889096,0.5397855409024989,0.0400627408102321,0.07293354943273905,391.5901471267304,171.52323668826816,503.6803495705805,1274.6388704159497,860.6112794292844,4.172723143273378,2.3922797479208637,0.92234234,3.064450552939046,0.0012212614560855105,7.757265748565309,0.9616086234969694,8.798429116404655,0.9616086234969689,4.633210874302229,38.38825304009291,266.708540474345,4.942796446927494,30.004653931496016,5.477650402453229,6.4449691855437,455.76609796657283,2.1018208831204137,0.9675272967434949,7.897822870011871,2.176994170512607,12.286504536541683,9.291072947028,9.800808209621941,10.615184468508678,11.861478433507934,10.867792484694974,6.597384714680516,0.5789888528013661,192.0,2.8515685096631733,0.07294826814201759,0.016007503811389216,0.048664363980686014,1.8346312085109164,3.402215660192929,0.3866040130168026,2.2205588254738435,0.012606741182344488,486.53592768861034,0.033138647909384825,456.18316850482927,151.22566981695064,227.1625979835422,0.22844803739951391,17.347445505321716,2.6629821953100037,11.979045102746603,12.943409439353541,15.929764771244903,14.106940861958327,0.18918485866878565,13.022229062397773,13.371608842306049,14.090741064611663,16.69249292835085,15.061409893630852,0.7784834412705621,13.722959854521918,384.0075866252722,10.39273159085631,0.8357107640692159,455.1640997947943,0.012034451702562196,438.726576583051,479.6956367858953,14.536547646119857,0.6886336523984776,0.36016926048915526,14.491057285588541,0.027552674230145867,433.57680342723967,2.031708075965545,2.8815134262666104,324.8064022383412,1.1309382079844195,0.7498580614896639,32.65691114285714,0.2771474878444084,0.03121131351665484,54311.60073762444,28.590359,0.05095011536466798,0.07169157148812705,14.268603045277295,1.3310770472487232,414.79006105170953
12,6.385157102242587,0.07686575221732628,0.12042716617900195,0.062140686012694735,0.04178837092724325,0.15451263537906137,147.96276069689276,0.18836251568098916,0.03992865466896424,-172.22818582659968,117.55557311547055,163.2508739833957,197.7104526673347,-0.44926958814575246,102.35091508585671,2273.7063130000006,823.8724671513129,0.008664259927797834,2273.706313,2273.7063130000006,1.4624614524141646,1.4895914150918386,-1.1918333999999995,217.5260906784236,393.3768721097527,1.1873953734611753,0.014042827791823847,42.79034432839794,49.83815098917768,57.5758828931429,1.6416652079422385,3.0851908867447695,-1.0117208515930114,0.6694184,0.7927204,0.488417,1.723825,1.8224665999999998,0.7356232102726433,2.1430504,0.7254682721900629,1.531092,18804.202952445714,-0.9362519660661508,4.464229669506658,0.010039659318998756,1.3344643915752945,0.8777698464357403,6.314227800000001,-0.9750496469157797,0.8326272959225757,-0.5555472513292278,-0.9884555199854559,-0.8254199601509948,-0.4714596578700323,1.1023065156210432,-0.9810857889825293,-0.9674590166428589,0.3285198555956679,-0.3128341422478813,-0.058272094975463706,-0.05540118990359509,-0.9600907758356498,0.9359332201050895,0.8191317763211025,0.7238853659847428,0.23971119133574006,63.72120076880884,58.440711546700996,220.99119434365198,14.732238022759187,34.62612036914393,0.09870959342913002,0.2344280178508678,0.3106476692307692,0.0972559189981321,0.00014326659524827265,0.1616681234248974,0.9810211068101116,0.24698196055037638,0.9810211068101116,0.12794820457356418,18.013938890468015,126.27381903883546,-0.2595000308891627,6.823338152684947,2.6121520156156586,-0.10756628489445648,193.09048701195235,0.07017199419945025,0.06685696955476678,0.045306801500166166,0.20318501339135553,0.4501129559029824,0.19798683364684824,0.7746627497941562,0.3493469291531795,0.4982778768181299,0.19916458924178537,0.12593374714231165,0.07148173729256041,754.0,0.07657836195705146,0.0016757413951033252,0.0016226436299754806,0.004834580258743417,-0.556080030644308,-0.4093712657446912,0.009665516520481306,0.08592093648883925,0.0015435437701352961,329.5594370536133,0.0046022712863412005,159.84624093368848,80.95838021487013,49.52492593060373,0.3369839350766539,1.2841442306922144,-0.778304388551798,1.366303348820145,1.390908317076652,1.0488582587103743,0.8963074414239476,0.7376932413792745,0.6437007828470315,0.6853462382275703,0.7845798685176995,1.1705111404719357,0.9199361862956865,0.18073816282057817,1.37571585201195,106.38506660199776,0.37580598918422603,0.24081409864363384,154.45918906698336,0.0015994266929625998,172.26980473656283,272.50374439446125,1.2174818165899015,0.1639037296261812,0.7701479640365086,1.0756120059554675,0.0036101083032490976,55.30517328037146,0.5362059713192444,0.6325434033296492,126.61312764586762,0.30461256394057834,0.21581405864970257,14.033955285714285,0.2996389891696751,0.004163881452589735,13182.987888599375,19.571402,0.6825301443411685,0.6675841956549308,1.3180800254914171,0.342258179224485,165.5817493600448
13,2.6498290417342405,0.12240574580817798,0.1725181076794704,0.09269892884311581,0.015284526785871416,0.0934761441090555,36.00099749131918,0.2737487250534989,0.06616408724569126,-87.32890436293738,-71.56511528832718,203.25000729953868,210.75814428115828,3.2323658605959285,29.53323266313213,1801.6810770000002,1065.2687589662312,0.014605647517039922,1801.6810770000002,1801.6810770000002,0.3175801246783279,0.07672673632900703,-0.8839392,87.05725829611082,354.6708057399125,1.5761467583102022,0.03716270849965162,26.09627092902201,28.91781391300961,32.53666420848681,1.7543145832521911,2.770661670373803,1.1040414499626587,0.23295600000000002,1.2289436000000002,-0.05770039999999992,2.3003492000000003,2.9101521999999997,0.6854486591317074,3.4040760000000008,0.6919495892460314,1.703475,9695.369903727882,2.2086669650697455,1.3490292014908043,0.020312545585027677,0.6966538134060255,0.845146085788828,4.299028199999999,2.1760135092104615,0.9277339868462295,0.6406720264450284,1.6499106855213173,1.7235885588028617,2.0159597463846,1.1473934491109261,2.17991079487624,2.180914186604756,0.6699123661148978,1.0755557840312346,1.4809349160013738,2.0778525669080006,2.7354401643450115,0.9149121430543318,0.7813376555971799,0.6982273455348923,0.2911392405063291,77.61606452134772,49.48345505430313,69.26824846226792,24.267876791147152,19.964248641971146,0.10287228131868922,0.2465945906246392,0.24619550515463917,0.12688705574248177,0.000224473488875573,0.16126704529670474,0.9739272271544779,0.2105457341422339,0.9739272271544779,0.13929448978587483,15.906219466782638,90.41475843177923,1.4924335362367747,4.598946434667246,2.1445154312028736,1.8687837907057978,80.82752795051705,0.09957482132724053,0.08173798095415623,2.2366533650107385,0.2049943144298818,2.167991541252958,2.593390834316347,1.5840715335365916,2.9364690183896363,3.263479712613123,1.8475247531569123,0.09992445071515058,0.10709070309384397,519.0,0.09395944358513304,0.0016076201747889337,0.0024296142643295544,0.00692651233804246,0.7252472014635579,1.1103308877296356,0.013490037009461768,0.12978804471319566,0.0024371600382577458,192.23796213534968,0.007542851799478014,71.6534267236427,30.13228578013938,47.895805828252165,0.5734121056748864,4.778226620287404,0.18717731802815357,2.875957143216968,2.9460522305756602,4.369617858669441,2.6520507728419753,0.709814183733813,3.572207679131679,2.4371556451596703,3.8606784770471965,4.587088944693787,4.1270213998943515,0.14929614028562152,2.980132667677365,73.25307012109262,1.9187207329290807,0.1690799282619546,54.30539945753204,0.0025538769579800794,152.31971322990637,57.107572492491,2.9176980732902615,0.11786415018258392,0.7352646058021726,2.811853669296359,0.004868549172346641,27.629396630567364,0.2687894699279406,0.32912698998344825,86.63540499189905,0.15330220847133647,0.13772182911521214,9.914902428571429,0.4050632911392405,0.006486540881986061,7883.833376153874,12.969391,0.5850177027916574,0.5993941297653776,2.9724016089719574,0.1861822301954658,71.72570620002462
14,4.542763724973741,0.14673453704496997,0.2050318252536485,0.12022095030408819,0.006860509269509857,0.07830687830687831,64.29813902318764,0.33729908675452425,0.07689336147300684,16.876181333488525,-110.78979021797961,84.90013987644205,106.2555752111689,3.375058110394101,54.23590331339729,1796.9573129999999,1116.7567713226435,0.010582010582010581,1796.9573129999999,1796.9573129999999,-0.3698782811894866,-0.4156532561377851,-0.9476252,4.092768421513127,297.4341060820385,1.7065236906647403,0.03621087157494926,34.4973712139881,37.51646388921237,41.26626467408639,1.90154213015873,3.077005106297275,2.13541748881579,0.07565639999999998,0.6555322000000001,-0.6545746,2.7035328,3.4232299999999998,0.688091127433654,4.219301400000001,0.6942464131454695,2.232593,9758.81424588104,3.456863353461988,-0.3749564590871115,0.018927752400420127,-0.1693588686737306,0.8464079595194112,4.929901,3.5334826710426523,0.591625642221884,0.4192970871432973,2.7843205428014484,1.1059298425140067,1.1864427477136015,0.1476644720492082,3.529869450789473,3.5265223349707604,0.7407407407407407,0.5807327722067421,0.7274040960660941,1.0968667657832198,4.2619755786132,0.910638195533229,0.7899596138189577,0.7101928942600141,0.41375661375661377,82.73775537421186,73.23831381061179,128.0132196633514,15.834405450009285,31.206204637297137,0.10988966135696286,0.3571061403499634,0.3691341052631579,0.14923327794180258,0.0002659208106489936,0.05760786283853181,0.9696879243118355,0.08612731862532774,0.9696879243118356,0.1590533920829975,18.36052715586418,103.4260339023753,-0.5774049041276026,5.8520979514109035,2.4191109836902696,-0.6175044868230115,148.18060560420685,0.14355998514124182,0.09493409839514126,-0.6785757434364981,0.2736923771752268,0.9652865879664274,-0.7622595332877318,0.5155517564313387,-0.8700496007969141,-1.0032505875804516,0.8563000542281927,0.09899428550083704,0.12429977959011176,442.0,0.10221345086373262,0.0016403339682066612,0.002890357381184151,0.008147011981456991,-0.5528983036680113,-0.5564812514729822,0.010787861466099736,0.19676294491973165,0.0028832447640580474,43.66463130630837,0.008903556901368764,218.35993859668088,82.20985106104459,71.05246748095647,0.6259040036244166,-2.3769247441899775,0.24690156318357287,1.1344634242758198,1.1684113196056003,-1.8076783828109453,1.119593277045138,0.7270970128524987,-1.1629387332094647,1.0531238509919172,-1.3499317613272819,-2.078560316951097,-1.5647689821901904,0.38763186945437644,1.1906976384047683,31.96043950735171,0.8561952671495365,0.40369112080887454,81.0499451149867,0.0030059218494952627,27.24213988409805,35.643644041762336,1.191130495630912,0.3000630510226533,0.7509891180069241,1.165245319515724,0.004232804232804233,13.217785456267748,0.2939096640303632,0.42975092905704654,83.86429740485009,0.3227553848330127,0.3145717784978134,9.63341242857143,0.4380952380952381,0.007589934809385091,8947.222600849633,11.554418,0.6070411599880149,0.5745045507184847,1.1989771221527006,0.4318517997425014,41.55664741162943
15,4.605823504863319,0.15471760544593405,0.2272093367480701,0.11534271106632121,0.006724620733402457,0.11864406779661017,23.99428623917224,0.32466642718433514,0.07076188341203413,14.022321854232821,-25.09431390018487,147.68821315082477,62.400872129305995,3.1123435985530197,99.25134611741193,1962.785683,853.9578369770595,0.028601694915254237,1962.785683,1962.785683,-0.28283722203131373,-0.4511706757092804,-0.00969669999999996,16.121305021012173,445.32133088419596,1.650998084403709,0.050739953385102406,37.93153460018005,41.932175463206484,45.623285502946004,2.079222121822034,2.940623296448273,1.373412529605263,0.9163804999999998,1.145625,0.5066130000000002,2.0594918,2.392884499999998,0.5736181544571826,3.3394326000000008,0.5972174231200345,1.6502035,7693.348585216469,2.426276654933014,1.904698619543335,0.03641920191972524,-0.004771982391542529,0.8546847498791122,5.4562665000000035,2.43327797712537,0.9595771207917665,0.2226336182399198,1.889278007741576,0.9916724285620179,1.12516342353022,0.3352786261708677,2.432929172368421,2.432070087073239,0.5699152542372882,0.3668771259211432,0.4962292926361108,1.1106688098875488,2.960150403898635,0.9229756255901729,0.7864867423696019,0.6290968250864553,0.25,223.2492369485636,89.51485497826907,33.84835696257118,18.12250076839388,25.45493397586471,0.0477728622421935,0.20614963406868994,0.3370723068181818,0.07460979196443422,0.0002474162729361423,0.04433515737261873,0.9768617677714311,0.08161046977801101,0.976861767771431,0.07571344794586761,13.942794192764088,94.21961042445707,-0.021080067805755123,4.324100739740187,2.07944721975341,0.0941085032083008,147.47190217220427,0.08345287184336164,0.05957392163984635,0.2057903724512137,0.15503971113864437,0.7011578238975875,0.3130629248703882,0.6750048512089628,0.4150750904101542,0.5110338115941562,0.6081624694107732,0.11772060879809389,0.12374990593580809,569.0,0.050576952372182585,0.0011249292119789238,0.0025290369874596706,0.006756424978367922,-0.2581733286577318,-0.1388310998015783,0.013672222877733,0.11224847410271417,0.002691086860403708,76.21777550458394,0.008881633187476218,77.95826716173225,129.7495149799943,151.55779415819495,0.5466029672364932,0.9249918882010072,0.06695822792360057,0.8512110018923444,0.8732763509293284,0.8210878366241375,0.8291962936602348,0.6718746793872529,0.6002166149657177,0.7746996973500972,0.6819788769679987,0.877589664734842,0.7557599646777284,0.1978175825299908,0.8878522510903608,7.882447059408386,0.9507299396596463,0.23158291715690965,27.66834685832122,0.002933153740488846,14.031979387657373,14.923687533058535,0.8863745196245488,0.15280579072910067,0.7240544330932739,0.865832189069241,0.014830508474576272,46.48967053409134,0.20722306098092858,0.3208296478336177,153.55732298045896,0.19510336369183795,0.17636576502307652,10.02503542857143,0.4311440677966102,0.0069372356624519,8163.018510803906,11.972205,0.4973069789404292,0.5283632141815291,0.8929561811637502,0.2713303042449204,48.95509388686874
16,4.650758472549446,0.12847025677489787,0.1721018313727387,0.09406571194469415,0.011407540548976405,0.14480077745383868,62.87597374617325,0.2807780148854362,0.05964351027943359,-1.6044175098267934,20.502380629499328,102.5959731199608,111.58867861586555,2.600236965857503,66.77925895460689,2120.33135,864.1674688904612,0.014577259475218658,2120.3313500000004,2120.33135,0.2589410245953302,0.24065214290173964,-0.4046201999999998,68.97420891596438,272.9723104056305,1.8990697374281256,0.03107825425547886,32.02649743977442,33.6950151108984,35.44063134290593,2.0605746841593784,2.83294681891102,1.6913599887976105,0.8722075999999999,1.5325284000000001,0.5250484000000004,2.1282056,2.7911601999999998,0.7781324963098153,3.6971262000000005,0.7945167093944078,1.962048,8537.794712406403,2.657162107995223,0.3428165248512438,0.011813772503433542,0.3966225645652832,0.9175062230307068,4.667735800000001,2.664994062194421,0.962022727203156,0.7114997357691017,2.078613482904179,1.6107104395417249,1.6627814369129235,0.6406905479956986,2.6609023894407104,2.6636964185450966,0.6005830903790087,1.1046190753796845,1.470184245266061,1.5334858750772813,3.1733580609258483,0.9530885869073222,0.885110071153912,0.8113872007731353,0.3051506316812439,172.59508341341086,79.01319839580236,37.007788086777,29.77693284798402,18.306499385202915,0.03620983313562495,0.11609425487929241,0.2619870205128205,0.06622960544342345,0.00020090411810724654,0.010959018623979062,0.9855100020737833,0.029662657885332552,0.985510002073783,0.05354615187341013,10.924532221624412,122.36906907322827,0.9967527269408234,3.7796196497795473,1.9441243915396842,1.2705480880842521,52.158944102959644,0.06494572292654963,0.05068780740586759,1.5279855726293123,0.0877232629242573,2.0891789661072773,1.76620783208034,0.9528779237325962,1.9824631818693328,2.1741610425413476,1.800410841505745,0.06045690332423454,0.08946489835988987,587.0,0.050941943550344954,0.0006800984873438894,0.0021601615898740904,0.005905043475840867,0.4119863602718396,0.7095604501744844,0.0032539051102336448,0.08314308211147789,0.002204791151488233,143.85035174598468,0.006835636292191602,114.0899262373398,69.04870189955133,39.311646611366065,0.5498430256565063,2.692992371313893,0.30002437619550315,2.7115923977300493,2.783400314901637,2.651375986136107,2.5264256563687146,0.831649962277094,2.3389123565201677,2.332086818828675,2.4745802187594386,2.689609676123564,2.5792687743825686,0.09480960447445738,2.819471565550454,91.223014207425,1.2740179679225836,0.10509587985444288,105.80733335402942,0.0023086267098104863,9.13950164608797,131.59199950113484,2.7667828840969535,0.06953413654496184,0.8565828866857791,2.671147511079966,0.0058309037900874635,15.388245468772157,0.11292052591375341,0.18154548025085163,126.99534933890234,0.10076653830102164,0.07546941582128303,8.556534714285714,0.43731778425655976,0.006096468913341193,8258.329721462633,9.303867,0.7018469907419906,0.6812701708917954,2.8152298489186434,0.14888228537572037,63.80452517699603
