,target,acceleration__standard_deviation,acceleration__number_crossing_m__m_1,"acceleration__fft_coefficient__attr_""angle""__coeff_1",acceleration__fourier_entropy__bins_5,"acceleration__linear_trend__attr_""slope""",acceleration__fourier_entropy__bins_2,acceleration__range_count__max_0__min_-1000000000000.0,acceleration__autocorrelation__lag_5,acceleration__index_mass_quantile__q_0.4,acceleration__mean_n_absolute_max__number_of_maxima_7
0,1,0.128012881,0,89.05743161,0.194134837,0.001144688,0.166683464,32,0.663126323,0.565,0.395714286
1,1,0.142896783,0,107.9839943,0.263667238,0.001789178,0.122956999,149,0.571213596,0.355704698,1.159142857
2,1,0.162426334,0,-47.32693779,0.216414089,-0.004668362,0.108471339,13,0.779048921,0.174418605,0.450571429
3,1,0.108201973,0,-92.26292576,0.234298178,-0.000192267,0.109452358,35,0.630706045,0.593023256,0.247285714
4,1,0.438841986,0,88.72972411,0.183785237,0.005522599,0.06719688,47,0.875465377,0.310126582,1.181285714
5,1,0.183472623,0,76.4502508,0.17883136,0.004897085,0.089578027,0,0.891958527,0.672727273,0.620571429
6,1,0.320210628,0,106.5445831,0.141440924,0.005763149,0.070810555,39,0.750988352,0.583892617,0.736142857
7,1,0.361257844,0,111.6609122,0.156798419,0.007311039,0.078515764,124,0.86016753,0.244274809,1.197857143
8,1,0.586449786,0,71.34147089,0.125386776,0.003896343,0.109452358,116,0.788569577,0.346820809,1.725285714
9,1,0.471351268,2,74.4310668,0.18562471,0.005162329,0.067887239,75,0.823776016,0.314102564,1.285714286
10,1,0.249039999,0,77.39274901,0.104732439,0.007944726,0.104732439,5,0.704819407,0.7,0.741714286
11,1,0.143542966,0,-64.71889043,0.269293796,-0.001093007,0.170529856,19,0.510810959,0.25,0.379
12,1,0.285455306,0,34.88363303,0.419555892,0.000434849,0.264052052,16,0.539105586,0.396226415,0.604142857
13,1,0.134584558,0,-121.4945738,0.131197811,-0.000444378,0.131197811,60,0.679461606,0.485294118,0.296857143
14,1,0.29768945,0,124.8246691,0.162764794,0.00662368,0.081510411,125,0.819100513,0.232,1.153714286
15,1,0.06866545,0,-136.7008919,0.52491915,-0.000439588,0.283547893,33,0.187862141,0.462809917,0.214285714
16,1,0.111299847,0,-118.4194081,0.496723798,-0.001240678,0.239217094,49,0.162854484,0.528455285,0.329857143
17,1,0.104422185,0,118.9443065,0.170467354,0.000327418,0.079982526,73,0.508240233,0.504559271,0.324285714
18,1,0.351503005,0,73.50993132,0.090876121,0.009964208,0.090876121,18,0.906364939,0.75,0.945285714
19,1,0.159286548,0,-141.3218623,0.314123026,-0.001657571,0.116906849,17,0.552484123,0.367088608,0.390285714
20,1,0.361086618,0,83.09574703,0.201113916,0.004890206,0.06719688,69,0.866625692,0.265822785,0.928571429
21,1,0.154497574,0,128.2529733,0.327055377,0.002395585,0.152005311,113,0.297416772,0.353982301,1.164571429
22,1,0.095203102,0,-131.6934672,0.294891749,-0.000390919,0.145215936,85,0.364312447,0.423236515,0.258142857
23,1,0.118629121,0,-29.99890536,0.188486741,1.62e-05,0.088319782,38,0.769287945,0.508849558,0.335428571
24,1,0.134206815,0,81.07697049,0.343031345,0.000904403,0.134742168,24,0.461088792,0.515151515,0.423142857
25,1,0.125703816,0,-17.49442261,0.173532589,-5.8e-05,0.110453047,57,0.847687014,0.341176471,0.346428571
26,1,0.168601933,0,-112.924314,0.26449144,-0.004725517,0.132691421,23,0.448254056,0.313432836,0.335285714
27,1,0.123268386,0,-100.9958663,0.615034264,-0.005732623,0.139060798,32,0.477134747,0.428571429,0.258142857
28,1,0.178957547,0,-45.04621662,0.23773601,0.000734046,0.079487003,29,0.686988616,0.421875,0.472428571
29,1,0.138760702,0,-66.49546558,0.214196563,0.000486966,0.071584834,17,0.761225997,0.376712329,0.450714286
30,2,1.4026267,6,87.90169242,0.288342328,0.00318909,0.165443496,92,0.322273345,0.569306931,4.055
31,2,0.763825045,6,112.7376621,0.194018199,0.000474071,0.125130164,171,0.271548819,0.353211009,2.456285714
32,2,2.349771405,25,79.14369437,0.125255702,7.37e-05,0.045394778,230,0.491325941,0.368831169,4.186857143
33,2,1.839392261,10,-9.178033628,0.090728994,0.000211902,0.079982526,118,0.741455715,0.474820144,4.010857143
34,2,1.130072797,10,14.77912051,0.13600217,0.000219966,0.079982526,82,0.450954853,0.412811388,2.565714286
35,2,1.136466582,12,14.49620018,0.13600217,0.000339783,0.079982526,85,0.479614318,0.436090226,2.609714286
36,2,1.060456737,10,15.97071628,0.125255702,0.000148365,0.079982526,85,0.476558655,0.406626506,2.626142857
37,2,1.275189965,4,179.252497,0.147843978,-0.005798587,0.128318706,78,0.833217512,0.432624113,2.258142857
38,2,1.434978324,5,169.0318434,0.142984545,-0.003902342,0.071584834,79,0.85653828,0.37414966,2.450428571
39,2,1.393500332,2,-28.54570138,0.370478512,0.018175398,0.210283412,34,0.513010236,0.369863014,3.044142857
40,2,2.623609751,6,8.840330563,0.198821578,0.00226406,0.099623389,51,0.400974717,0.4375,4.560428571
41,2,2.11446085,6,-7.649268727,0.273573794,0.010111289,0.101264818,48,0.43492373,0.446808511,4.192285714
42,2,1.965125428,17,4.822395922,0.090728994,0.000559288,0.045394778,174,0.600914255,0.426282051,3.818714286
43,2,1.029924032,8,87.00537623,0.330065644,0.0049048,0.161842734,88,0.409839033,0.61722488,3.483571429
44,2,1.217668967,4,50.21705149,0.436281338,0.002580717,0.189762327,51,0.343553623,0.529761905,4.000142857
45,2,1.342144635,5,142.5973333,0.193404714,-0.000156715,0.070810555,80,0.806588886,0.391891892,1.978142857
46,2,2.127388867,10,-26.60625464,0.096986095,1.01e-05,0.085336563,130,0.687156931,0.487288136,3.857285714
47,2,1.072652157,10,37.50397226,0.125255702,0.000587407,0.045394778,84,0.431348663,0.372759857,2.791285714
48,2,1.320072833,4,-52.7490398,0.17883136,-0.000837531,0.154076104,77,0.545490637,0.441441441,2.703428571
49,2,1.714784957,6,26.1198591,0.202086339,-0.000790859,0.173205207,52,0.389654832,0.336842105,3.318571429
50,2,1.531490813,5,175.5378992,0.153078103,-0.009152905,0.132691421,73,0.808320164,0.365671642,2.648285714
51,2,1.019150072,6,6.37371509,0.53050963,-0.004150856,0.295439192,12,-0.269376621,0.333333333,1.856857143
52,2,1.903485188,6,-82.66123626,0.239692796,-0.004065325,0.152005311,76,0.258413945,0.464285714,4.390142857
53,2,0.568970904,2,-164.5213543,0.417983603,0.000297149,0.220570036,57,0.143961978,0.368932039,1.505428571
54,2,0.524214443,4,-44.97237531,0.470235962,-0.009267062,0.295439192,6,-0.542797582,0.288888889,1.412142857
55,2,1.653545161,8,83.18918047,0.216526906,0.004549392,0.139060798,121,0.233094576,0.578947368,4.313142857
56,2,2.081287549,6,-33.64691653,0.208981747,0.008413343,0.104732439,45,0.432897043,0.455555556,3.879
57,2,1.315007258,8,119.8487324,0.283936267,0.008106622,0.142505867,58,0.428177192,0.463414634,2.862714286
58,2,1.840392504,4,-172.5803793,0.169249652,-0.019211152,0.084766076,64,0.817778379,0.403361345,3.022142857
59,2,0.651186492,6,136.8141175,0.21561699,0.000254107,0.110453047,189,0.287108617,0.330935252,2.428714286
60,3,1.407507652,2,107.0057886,0.333011096,0.024711991,0.28140184,18,0.644834414,0.347222222,2.983571429
61,3,0.394098204,2,71.16619087,0.226021037,0.001558959,0.105640482,35,0.69092909,0.4,1.022
62,3,0.98851183,2,117.1026132,0.291139839,0.044943542,0.146144746,21,0.874418455,0.440677966,1.351571429
63,3,0.589797827,2,94.97653953,0.256864653,0.005320563,0.201003011,29,0.832009922,0.405172414,1.274857143
64,3,1.348755314,6,46.39940281,0.523451802,0.008362927,0.301500641,74,0.481119272,0.503759398,4.522
65,3,0.372780979,2,86.69191712,0.280179081,1.02e-05,0.163982143,34,0.712307284,0.435810811,1.670428571
66,3,0.426862784,2,79.14478736,0.348543187,1.08e-05,0.163982143,47,0.671973519,0.420233463,1.923
67,3,1.511453009,2,35.16264562,0.267753987,0.011616725,0.208899757,69,0.779186495,0.540540541,3.615428571
68,3,0.464700549,2,86.55806235,0.234844321,0.003181759,0.184907399,30,0.83075889,0.374045802,1.0
69,3,0.519155282,2,157.2765471,0.318123847,0.00014749,0.184907399,33,0.620942029,0.392694064,2.143
70,3,0.49056217,0,81.61653736,0.211888639,0.002334489,0.167944148,36,0.854919866,0.342281879,1.109857143
71,3,0.424477499,2,-136.3112524,0.365710852,0.000165858,0.175975125,24,0.666430053,0.23655914,1.571428571
72,3,1.018257788,2,77.15014863,0.298758058,0.051445455,0.149994924,30,0.922218994,0.464285714,1.472857143
73,3,1.598590118,2,25.02566563,0.297585518,0.015259731,0.230323541,61,0.811943493,0.567010309,3.785571429
74,3,0.376688877,0,18.60615874,0.443306691,0.011008878,0.278769372,38,0.112343313,0.489795918,0.747142857
75,3,1.3966455,4,71.387017,0.440912545,0.009657635,0.247301061,67,0.690572114,0.445205479,4.291142857
76,3,0.535120497,0,89.91258022,0.233172602,0.019879563,0.116906849,36,0.927339328,0.512820513,0.851857143
77,3,1.371886553,2,32.12230519,0.265158373,0.013552777,0.167944148,64,0.860361319,0.505050505,3.236
78,3,0.506226874,0,84.56214556,0.124250837,0.021187677,0.124250837,37,0.951945412,0.630136986,0.950571429
79,3,1.617773861,2,63.08859933,0.394397691,0.095908097,0.198515243,25,0.725968873,0.41025641,2.637428571
80,3,0.687697422,2,-4.786588616,0.60042761,0.005416403,0.292508468,15,0.405567094,0.661764706,1.61
81,3,1.724567256,2,54.30995939,0.302454927,0.022293436,0.233791659,52,0.791434554,0.478723404,4.142857143
82,3,0.927720199,1,55.80862915,0.315396287,0.0439388,0.15841057,33,0.848258662,0.471698113,1.269428571
83,3,1.412946032,2,80.79313345,0.350058374,-0.000288502,0.175975125,72,0.601967402,0.752688172,3.516714286
84,3,1.633804597,2,4.656134138,0.247750827,0.000593967,0.169658227,47,0.528274769,0.503401361,4.664857143
85,3,0.414074776,0,96.61649702,0.20963414,0.002421081,0.166267866,35,0.844105898,0.324503311,0.890142857
86,3,0.955773878,2,101.9765333,0.423185718,0.006805431,0.244930027,68,0.648594072,0.460674157,2.115428571
87,3,0.46999898,0,86.73225558,0.247750827,0.0194367,0.124250837,33,0.945131099,0.597222222,0.758285714
88,3,0.468339945,0,76.81388786,0.216559894,0.002116735,0.171411444,28,0.791015595,0.333333333,1.093428571
89,3,1.539259855,2,31.39216346,0.336253156,0.010178908,0.211687545,59,0.734259077,0.559633028,3.664571429
90,4,0.92741094,4,-58.05048775,0.278445137,-0.005457021,0.176920351,52,0.767644473,0.391304348,2.043714286
91,4,1.886410797,4,-20.71351217,0.284878121,-0.001219691,0.18081639,37,0.658622134,0.548148148,4.714285714
92,4,0.014656395,0,163.6363636,0.867563228,0.003109091,0.636514168,11,-0.185185185,0.454545455,0.241857143
93,4,1.983270568,4,-22.4854865,0.33158441,-0.001334661,0.154076104,23,0.671825049,0.54954955,4.774571429
94,4,0.505934254,2,17.29411959,0.506897968,0.000294229,0.309477287,28,0.537023202,0.360465116,2.214285714
95,4,1.934055421,2,-60.170962,0.490608869,-0.026925591,0.314492201,47,0.516904854,0.373493976,4.565857143
96,4,0.42442285,0,-117.8193163,0.266792298,-0.000797997,0.147086752,214,0.825812453,0.514767932,1.708857143
97,4,1.542978246,2,-104.4909258,0.282600107,-0.026287328,0.241088313,38,0.819860184,0.633333333,3.516285714
98,4,1.125839355,2,-70.90411656,0.298758058,-0.058382707,0.149994924,33,0.841491348,0.375,1.483857143
99,4,0.557950877,2,-72.44854861,0.267281427,-0.000797058,0.135793959,82,0.695343658,0.360406091,1.664857143
100,4,1.65491836,2,-101.1957684,0.302783938,-0.031102034,0.191444082,44,0.814627543,0.634146341,4.313428571
101,4,2.853159125,3,-32.76395918,0.458208238,-0.01210284,0.257318641,20,0.661865738,0.592592593,4.730714286
102,4,1.236067615,2,10.84669207,0.585783129,-0.016380543,0.35762716,40,0.263457474,0.31372549,2.791285714
103,4,0.823046302,2,-116.8071708,0.492411169,-0.00807203,0.28140184,46,0.53371024,0.486111111,1.632
104,4,1.046644694,4,159.938406,0.470900128,-0.009069263,0.15841057,23,0.427418515,0.679245283,1.829714286
105,4,2.69753521,4,41.42684904,0.258640932,0.006037886,0.219032522,26,0.6763096,0.352941176,4.829714286
106,4,0.565415202,2,-51.39834219,0.258640932,-0.016720292,0.129740695,28,0.870846371,0.235294118,1.258142857
107,4,0.690674917,2,-106.5191186,0.291139839,-0.026501344,0.146144746,26,0.785795946,0.322033898,1.489
108,4,0.67869645,2,115.4300628,0.26449144,0.014109905,0.132691421,37,0.746244816,0.636363636,1.296857143
109,4,0.053350383,0,25.97909141,0.245901454,0.000169867,0.13822795,309,0.825340581,0.375404531,0.385
110,4,1.46600318,2,-93.01501564,0.419826662,-0.013397569,0.257318641,45,0.733755156,0.594594595,4.170142857
111,4,0.931554039,2,-149.9732822,0.513816538,-0.012031348,0.219032522,38,0.409217816,0.579710145,2.104428571
112,4,0.548981492,2,158.5236212,0.250124772,-0.00183719,0.144300035,46,0.713620886,0.710743802,1.362857143
113,4,0.717396741,2,-57.23903549,0.283936267,-0.025614754,0.142505867,38,0.799560164,0.245901639,1.577
114,4,0.790414234,2,-94.00697647,0.356339666,-0.003228958,0.154076104,68,0.678879112,0.432432432,1.780428571
115,4,1.665056252,2,-37.25073843,0.406173244,-0.017031882,0.214559155,63,0.568014938,0.283018868,4.197857143
116,4,1.639519363,2,-62.61445444,0.503697083,-0.015908304,0.267567913,59,0.486832929,0.371428571,4.384428571
117,4,0.556811058,2,166.2986888,0.482110283,-0.001777897,0.253036975,68,0.645748728,0.635294118,1.379142857
118,4,1.272407403,2,-105.1700169,0.26038568,-0.014018165,0.203560906,55,0.85549441,0.614035088,3.384571429
119,4,0.52799283,2,-155.5671805,0.342655587,-0.000472656,0.186494924,144,0.56414987,0.589595376,1.802285714
120,5,0.345398603,0,-80.39862165,0.167944148,-0.022251837,0.167944148,7,0.845376654,0.204081633,0.906714286
121,5,0.210039267,0,38.3365826,0.169249652,0.004146849,0.146144746,96,0.642699405,0.355932203,0.456285714
122,5,0.278224319,0,-108.6089522,0.324508387,-0.012564466,0.163023629,0,0.804965742,0.32,0.851714286
123,5,0.05444764,0,-154.8964383,0.700061268,-0.000102554,0.257318641,30,-0.050586185,0.430769231,0.203285714
124,5,0.152228748,0,-33.65040275,0.847049069,-0.00255629,0.35762716,9,0.005856681,0.31372549,0.329571429
125,5,0.086813894,0,41.71322822,0.890031064,0.000301308,0.402941358,2,-0.27308741,0.464788732,0.269142857
126,5,0.137721843,0,27.29629448,0.749962568,0.002263934,0.31793678,16,0.079452913,0.508196721,0.324285714
127,5,0.259674856,0,-101.3474703,0.334221146,-0.01535698,0.167944148,3,0.766003731,0.270833333,0.774714286
128,5,0.362786743,0,-22.7327143,0.373479381,0.000944674,0.173205207,53,0.367138955,0.64893617,0.879142857
129,5,0.046307671,0,-120.5708478,0.452385807,-0.000278604,0.214559155,49,0.190084632,0.430167598,0.131714286
130,5,0.034974919,0,154.7639938,0.580685571,-1.55e-05,0.151328607,20,-0.017912478,0.549707602,0.082428571
131,5,0.155923591,0,37.18497622,0.513659382,5.78e-05,0.300882104,21,0.07691318,0.333333333,0.615428571
132,5,0.080920928,0,5.747143141,0.528182522,0.001080882,0.276190922,4,0.392943425,0.48,0.231
133,5,0.277172333,0,143.2028423,0.589280064,0.009730324,0.35762716,20,0.253051845,0.32,0.565714286
134,5,0.262024,0,-86.95635344,0.324508387,-0.015246606,0.163023629,1,0.863080483,0.235294118,0.703142857
135,5,0.065490613,0,80.79626477,0.438174199,0.000581942,0.193738481,11,0.166358096,0.590163934,0.214142857
136,5,0.715051678,4,-105.1725488,0.775194874,-0.005836281,0.537544412,18,-0.162023633,0.47826087,1.796857143
137,5,0.316045648,0,160.7987263,0.752916809,0.012058366,0.387212375,23,0.013200136,0.177777778,0.637428571
138,5,0.40925746,2,-45.40117101,0.66563128,-0.000660555,0.266384463,14,0.13559621,0.320512821,1.274571429
139,5,0.352580806,0,145.6768609,0.661476977,0.015474694,0.278769372,24,0.461097292,0.183673469,0.719714286
140,5,0.169837712,2,-74.97302299,0.589844821,-9.66e-05,0.261764483,4,0.277066849,0.346938776,1.098714286
141,5,0.335779884,2,-116.9264461,0.71430083,9.35e-06,0.43815932,22,-0.277001521,0.655172414,0.884428571
142,5,0.321369452,2,-50.28788553,0.661476977,-0.006937551,0.278769372,4,0.0319271,0.244897959,0.988857143
143,5,0.121767919,0,-8.238584805,0.468948069,0.000101151,0.230323541,19,0.576347882,0.384615385,0.456142857
144,5,0.106783179,0,1.140389884,0.309949766,-6.99e-05,0.187462011,15,0.458954722,0.353488372,0.423285714
145,5,0.304765655,0,-109.7797888,0.314244745,-0.001305961,0.198515243,79,0.285035623,0.703389831,0.774857143
146,5,0.274491804,0,9.137186811,0.679737994,0.001248092,0.27721593,80,0.278239412,0.624,0.950571429
147,5,0.273625478,0,71.20527724,0.154913925,0.006050477,0.077570038,76,0.820439789,0.424242424,0.428714286
148,5,0.231789419,0,129.3804838,0.600166073,0.005245559,0.304636097,24,-0.063028878,0.375,0.521714286
149,5,0.164979292,0,-169.7162019,0.589280064,-0.000372398,0.35762716,35,-0.112849623,0.37254902,0.291285714
150,6,0.243868933,0,-110.4758932,0.668122518,-0.0004535,0.254730546,81,-0.122407733,0.535714286,0.829571429
151,6,1.100788127,2,128.5281725,0.619128586,0.011190275,0.402941358,21,0.295582909,0.633802817,3.401142857
152,6,0.385045208,2,-168.1708125,0.606025203,0.003212603,0.278769372,14,-0.40504326,0.375,0.840714286
153,6,0.311090547,0,110.2075517,0.344598248,0.01159586,0.286835983,13,0.628517007,0.553191489,0.653571429
154,6,0.452991191,2,-79.86246185,0.4851045,-0.002886233,0.304636097,13,-0.464846783,0.30952381,0.950714286
155,6,0.09406264,0,-133.9458719,0.709929155,2.48e-05,0.2606371,10,-0.500943038,0.376146789,0.456
156,6,0.433611418,0,-99.60248387,0.707109463,-0.007564818,0.410116318,16,0.127921695,0.555555556,0.967
157,6,0.409628329,0,119.3409939,0.577513715,0.002199357,0.244930027,12,-0.132981825,0.661016949,0.879142857
158,6,0.269253834,2,-143.9243139,0.786532658,-0.000399912,0.513956671,14,-0.182810106,0.404040404,1.302
159,6,0.564234545,2,127.8372772,0.614523739,-0.001160656,0.239217094,10,-0.421500539,0.75,1.346142857
160,6,0.112160519,0,85.12012004,0.771835339,0.000485447,0.342541508,17,-0.11254993,0.4,0.533142857
161,6,0.760070519,4,133.1223161,0.656600968,0.002677038,0.328255738,14,0.234518376,0.654411765,3.329714286
162,6,0.449603574,2,-88.44327259,0.831729751,-0.003061242,0.421412422,59,-0.216675686,0.563909774,1.318714286
163,6,0.278908204,0,-87.63854788,0.536664562,-0.002823037,0.336495758,15,-0.424604391,0.388888889,0.505428571
164,6,0.1988387,0,77.54806211,0.344598248,0.007704093,0.286835983,11,0.479195331,0.680851064,0.510714286
165,6,0.314058784,2,140.4862156,0.825782954,-8.01e-05,0.404118265,13,-0.312198311,0.529411765,1.478
166,6,0.13777374,0,83.98770175,0.611951762,0.00226716,0.239217094,10,0.187875704,0.639344262,0.351714286
167,6,0.096505488,0,-75.62689449,0.110100082,-0.001012172,0.096508961,150,0.708334469,0.648514851,0.352
168,6,0.324116772,0,57.13176028,0.515836121,0.014360816,0.163023629,14,0.422203797,0.76,0.807714286
169,6,0.177782119,2,103.5507604,0.469830466,0.001221757,0.096508961,6,0.351820767,0.600985222,0.901142857
170,6,0.172193248,2,-7.449350321,0.809080031,-2.59e-05,0.425794125,14,-0.358144719,0.394618834,0.895714286
171,6,0.512061096,0,-172.4465075,0.298758058,-0.011834381,0.149994924,51,-0.070826717,0.821428571,1.373714286
172,6,0.303500485,0,-59.34910243,0.516364342,-0.002629955,0.304636097,96,0.483913186,0.546153846,1.165
173,6,0.922304891,4,-81.05369674,0.79503763,-0.016867421,0.450561209,11,-0.216174818,0.293103448,2.664857143
174,6,0.318711454,0,-60.89177334,0.489664397,-0.004368482,0.2606371,103,0.511636955,0.574074074,1.197714286
175,6,0.242373388,2,145.4043583,0.832090613,0.000602217,0.47663887,8,-0.163415385,0.444444444,1.186857143
176,6,0.311254708,0,15.14726587,0.920832669,0.00024888,0.387212375,13,-0.191574036,0.466666667,0.560285714
177,6,0.314657906,0,51.6378901,0.731515108,0.010314177,0.376770161,12,-0.024432095,0.638297872,0.659142857
178,6,0.230126087,0,-128.1845617,0.680197794,-0.001832587,0.35762716,61,-0.117857877,0.545454545,0.631857143
179,6,0.265080707,0,-70.17422929,0.732479871,-0.00157793,0.276190922,146,0.255555077,0.582781457,1.225142857
180,7,0.482803376,0,-151.7267668,0.21836376,-0.000521638,0.109452358,136,0.778468984,0.476744186,1.450857143
181,7,0.657328924,2,-94.23179814,0.148042247,0.001074945,0.148042247,52,0.877557009,0.393162393,1.131714286
182,7,0.612983713,2,-114.0522985,0.156349121,-0.000686914,0.099623389,131,0.868693865,0.541237113,1.549285714
183,7,0.903525119,2,-123.3532972,0.114665282,-0.025803997,0.114665282,41,0.928739153,0.432098765,1.577
184,7,0.66898635,3,-92.25435424,0.142505867,-0.00036586,0.142505867,49,0.887920622,0.406504065,1.406571429
185,7,0.522373629,2,-20.15212067,0.129740695,-0.000314268,0.129740695,44,0.932931963,0.460431655,1.076571429
186,7,0.555117005,0,-83.65501408,0.173896551,-0.000796639,0.149994924,54,0.840577326,0.365217391,0.956
187,7,0.433781624,0,-60.98217508,0.153943061,-0.001660486,0.124250837,50,0.9107784,0.457013575,1.000142857
188,7,0.379961649,0,24.38457541,0.123085737,-0.000761346,0.107509396,75,0.969118442,0.361581921,0.731
189,7,0.533311163,2,-118.6306194,0.284878121,-0.001895474,0.132691421,105,0.467489655,0.496296296,1.510857143
190,7,0.516037117,2,-100.2652348,0.182765156,-0.00185696,0.106565959,46,0.95272511,0.466292135,1.038
191,7,0.559057477,2,-72.84125636,0.177944973,-0.001283268,0.142505867,69,0.878266177,0.416216216,1.406714286
192,7,0.517768674,2,-49.79807086,0.191142057,-0.000349829,0.095763293,50,0.844514631,0.502439024,1.274714286
193,7,0.885857979,2,-124.2693952,0.116906849,-0.026821609,0.116906849,39,0.889993891,0.474358974,1.785857143
194,7,0.467937753,4,-81.85834431,0.13193038,-0.0002396,0.116149037,45,0.846149009,0.55186722,1.313142857
195,7,0.640792189,2,-109.9274998,0.156260323,-0.001033074,0.091540729,153,0.855948109,0.564814815,1.769285714
196,7,0.897620187,4,-128.9099091,0.216414089,-0.023958245,0.108471339,30,0.930228976,0.459770115,1.274571429
197,7,0.554705262,4,-51.62954251,0.156260323,-0.000323437,0.091540729,61,0.837028314,0.513888889,1.340714286
198,7,0.942284342,3,-64.47442297,0.114665282,-0.026684237,0.114665282,40,0.846471439,0.333333333,1.390285714
199,7,0.685457215,4,-49.90680282,0.160721648,0.000213671,0.139060798,56,0.894108599,0.338582677,1.269142857
200,7,0.58579941,2,-57.62706202,0.202086339,5.24e-05,0.101264818,44,0.842506588,0.5,1.445285714
201,7,0.498221428,2,-79.3599344,0.176398877,-0.002142471,0.141336783,42,0.94846381,0.443850267,1.225428571
202,7,0.982195666,2,-146.7042872,0.160680562,-0.004167842,0.160680562,66,0.850950043,0.419047619,1.967
203,7,0.797601595,2,-83.93747274,0.116906849,-0.027769766,0.116906849,36,0.934438691,0.379746835,1.351714286
204,7,0.510054753,2,-38.52952038,0.230078491,-0.00040661,0.147403737,45,0.776770032,0.335227273,1.274714286
205,7,0.940861481,0,11.51635378,0.142505867,0.002891888,0.142505867,93,0.775895971,0.349593496,2.626142857
206,7,0.545485586,2,-121.5875815,0.283936267,-0.002825419,0.142505867,54,0.666580433,0.43442623,1.406714286
207,7,0.378726891,0,0.771509674,0.171943688,-0.001035209,0.109452358,63,0.967234651,0.377906977,0.686571429
208,7,0.563828428,2,-89.27200376,0.144300035,-0.000324218,0.144300035,52,0.897531355,0.380165289,0.994571429
209,7,0.463778887,2,-89.84844239,0.178498136,-0.000435036,0.113579453,40,0.87247252,0.4,1.054714286
210,8,0.625256847,0,127.4932852,0.153078103,-0.001858945,0.132691421,74,0.906437184,0.325925926,1.505571429
211,8,0.601867141,0,107.5825405,0.131197811,-0.001011178,0.131197811,61,0.899151204,0.323529412,1.252714286
212,8,0.993048828,2,26.72319741,0.211888639,0.005739673,0.070810555,118,0.787305799,0.342281879,2.620714286
213,8,0.512175092,2,44.86197663,0.134638106,0.001237976,0.085915501,143,0.913076461,0.512820513,1.120857143
214,8,1.344631441,4,70.15658876,0.198821578,0.005938118,0.099623389,54,0.842113247,0.422680412,2.675714286
215,8,0.532490041,0,120.1996836,0.132691421,-0.000249605,0.132691421,70,0.891109395,0.303703704,1.335428571
216,8,0.547173297,0,56.50748704,0.119246926,0.014206056,0.119246926,49,0.781816276,0.315789474,1.197857143
217,8,0.370347525,2,70.75062533,0.170467354,0.000360754,0.110453047,42,0.857705321,0.579136691,1.252714286
218,8,0.405695807,0,125.3213046,0.181127202,0.001324311,0.105640482,90,0.922350299,0.438888889,0.758285714
219,8,0.533968128,0,63.39059109,0.135793959,0.01817229,0.135793959,47,0.820785397,0.292307692,1.346285714
220,8,0.656248148,2,97.90119111,0.169249652,0.000604633,0.146144746,70,0.735828555,0.330508475,1.230714286
221,8,0.625357824,2,93.66481571,0.169249652,0.00492521,0.146144746,71,0.813392059,0.394957983,1.164714286
222,8,0.481467035,0,117.4348113,0.167944148,0.00107248,0.167944148,48,0.846229082,0.373737374,0.840571429
223,8,0.591188251,0,50.86844003,0.237819011,0.018006283,0.119246926,46,0.861281938,0.376623377,1.082571429
224,8,0.995620338,2,47.99662813,0.152005311,0.000310059,0.152005311,50,0.817193075,0.504424779,2.197857143
225,8,1.09052837,4,20.85691899,0.20963414,0.004206055,0.121692403,130,0.690635306,0.386666667,2.401142857
226,8,0.550490488,2,68.52249939,0.169249652,0.00303414,0.084766076,63,0.843629591,0.403361345,1.060142857
227,8,1.111470482,2,56.72504536,0.17883136,0.00518345,0.089578027,60,0.846960998,0.477477477,2.395857143
228,8,0.507609138,4,131.3682696,0.184435612,0.001451382,0.107509396,81,0.824103229,0.389830508,1.203
229,8,0.943689033,2,-22.59685384,0.206519442,0.002244988,0.131197811,72,0.826241296,0.430656934,2.104285714
230,8,0.55274175,4,93.47690808,0.216414089,0.001592097,0.108471339,103,0.750724392,0.471264368,1.423
231,8,0.784846368,0,40.71009756,0.16885927,0.004064503,0.06160671,161,0.834911888,0.318181818,2.472571429
232,8,0.470066716,0,42.72855292,0.237819011,0.01137268,0.119246926,56,0.73729616,0.350649351,0.906714286
233,8,0.492774401,0,157.4185843,0.216408405,-0.000332503,0.079487003,63,0.853397794,0.328125,0.956285714
234,8,0.636214467,2,107.6512026,0.142505867,0.000849994,0.142505867,68,0.872296299,0.303278689,1.137285714
235,8,0.63296052,4,38.4647209,0.257292008,0.008859786,0.095030117,49,0.880617087,0.421568627,1.131857143
236,8,0.584195248,0,107.493761,0.129740695,-0.002304909,0.129740695,55,0.868860493,0.347826087,1.225142857
237,8,0.79281263,2,96.53875173,0.250124772,0.002287414,0.083649705,63,0.666762599,0.355371901,1.857142857
238,8,0.788214317,2,-7.215013364,0.191463277,0.000877277,0.111474023,142,0.800646291,0.428571429,2.071142857
239,8,0.791127263,2,89.43594784,0.243758953,0.00116169,0.140760122,77,0.753480247,0.504,1.791142857
240,9,0.364512414,0,-61.86237212,0.378387007,0.000609938,0.214559155,43,0.482800133,0.385714286,0.785714286
241,9,0.136764856,0,-77.35926773,0.548798714,-0.000753479,0.189762327,53,-0.317824355,0.589285714,0.401285714
242,9,0.141835828,0,19.68088032,0.478931976,-9.39e-05,0.209450792,9,0.244652967,0.304347826,0.560428571
243,9,0.167309299,0,80.77121935,0.394397691,-0.000588029,0.325082973,10,-0.528361987,0.473684211,0.346428571
244,9,0.179743128,0,-57.0831229,0.537035854,-0.000769917,0.182836587,30,-0.115062534,0.601503759,0.494428571
245,9,0.296198465,0,-80.77567429,0.606025203,-0.002393237,0.366924991,10,0.15549069,0.583333333,0.587857143
246,9,0.224808417,0,-98.68557048,0.709183279,-0.001584499,0.345655265,64,-0.062944539,0.531034483,0.719714286
247,9,0.290774291,0,156.2048231,0.589280064,0.003500936,0.271189373,18,-0.665550796,0.6,0.587714286
248,9,0.159601259,0,-52.14115213,0.363407591,-0.000441171,0.169658227,37,0.012259481,0.646258503,0.439714286
249,9,0.17243533,0,-31.72534379,0.415758873,-0.000192581,0.223718076,30,0.056653243,0.637037037,0.5
250,9,0.207594767,0,-5.313606892,0.441126615,7.36e-05,0.236469859,31,0.159358946,0.419354839,0.538428571
251,9,0.096199057,0,-0.911120991,0.393228738,-9.25e-05,0.126023287,10,0.418282711,0.37962963,0.362714286
252,9,0.120506732,0,-43.80926817,0.267527299,-9.37e-05,0.182836587,27,0.247674946,0.503759398,0.335285714
253,9,0.589620793,2,156.9124975,0.484390116,0.000858371,0.163023629,24,-0.197223773,0.588235294,1.142714286
254,9,0.452731181,0,80.37014714,0.53050963,0.007779211,0.295439192,35,0.284524352,0.363636364,1.076857143
255,9,0.190572443,0,-164.5381069,0.470900128,-0.003120166,0.264052052,1,0.583637484,0.442307692,0.648142857
256,9,0.406277476,2,-2.859962687,0.663179453,0.010781033,0.304636097,15,-0.103023269,0.76744186,0.900857143
257,9,0.094653101,0,40.48613157,0.35111466,9.75e-05,0.094309111,9,0.433646026,0.416267943,0.412428571
258,9,0.217376848,0,-85.21622642,0.441583149,-0.000964911,0.1646281,114,-0.304203809,0.644736842,0.697857143
259,9,0.230251661,0,-105.7955065,0.684954761,-0.011088555,0.410116318,6,0.072321954,0.35,0.549571429
260,9,0.182307964,0,115.6030466,0.623532768,0.003850513,0.250954804,18,-0.389161796,0.589285714,0.406714286
261,9,0.164162634,0,-40.97588637,0.250378105,-8.31e-05,0.212397438,44,0.057581583,0.583333333,0.489142857
262,9,0.146721146,0,15.62963746,0.241678376,2.68e-05,0.129740695,16,0.659271707,0.387559809,0.521714286
263,9,0.107422726,0,-14.44160072,0.430662857,-0.001820478,0.248910279,76,0.619255436,0.425287356,0.324142857
264,9,0.119185145,0,80.99286611,0.479172242,0.000668652,0.188112927,9,0.243934348,0.452941176,0.494714286
265,9,0.098144035,0,21.67143752,0.218625915,0.000234978,0.117675602,7,0.743040001,0.421940928,0.456285714
266,9,0.139292037,0,-166.6932698,0.587500931,-0.004739468,0.198515243,0,0.465770436,0.421052632,0.494571429
267,9,0.127344519,0,15.63753549,0.703843328,0.002561837,0.278769372,11,-0.430900509,0.632653061,0.302285714
268,9,0.159354728,0,-65.48265588,0.875306929,-0.000448859,0.507429962,22,-0.106431735,0.434210526,0.351714286
269,9,0.12303746,0,-78.94212899,0.237819011,-2.87e-05,0.119246926,4,-0.619305195,0.415584416,0.368142857
270,10,0.167590149,0,13.12093434,0.35646815,0.001096904,0.165443496,20,0.537995366,0.64,0.379285714
271,10,0.137035747,0,70.91652751,0.344598248,0.001397948,0.173205207,10,0.361685976,0.553191489,0.390142857
272,10,0.18334869,0,15.7384934,0.585164682,0.003261844,0.228631874,27,0.279510025,0.569230769,0.390428571
273,10,0.241962056,0,73.40650194,0.462957162,0.001595186,0.262674215,66,0.470244363,0.614814815,0.725142857
274,10,0.256092338,0,-127.7160993,0.409458619,-0.012271219,0.206192051,21,0.479139659,0.486486486,0.390142857
275,10,0.153624753,0,72.07216065,0.379200263,0.000753054,0.219032522,42,0.579152265,0.661870504,0.412142857
276,10,0.252779357,2,138.791129,0.714605437,0.00258871,0.353169383,34,0.103116675,0.514285714,0.769142857
277,10,0.33671987,2,-50.74908016,0.670097311,-0.001132593,0.356340921,36,0.064879468,0.5,0.917571429
278,10,0.516453751,2,12.42539826,0.332670081,0.000927074,0.219032522,47,0.692999797,0.68115942,1.769285714
279,10,0.18718117,0,-14.27073716,0.589869162,-0.002027229,0.369333122,34,0.026030527,0.584615385,0.483428571
280,10,0.089410291,0,-38.67473675,0.460444111,-0.000338489,0.193738481,117,0.234018054,0.459016393,0.395857143
281,10,0.268201665,0,64.93868118,0.800285334,0.008821871,0.523586337,6,-0.262175558,0.488888889,0.670285714
282,10,0.123315028,0,-168.9308617,0.550056956,-0.002894345,0.311129155,11,0.333334264,0.476190476,0.241857143
283,10,0.231707238,0,42.55426185,0.470235962,0.01199025,0.295439192,2,0.52946472,0.733333333,0.675714286
284,10,0.559089561,0,-24.45647723,0.813190477,-0.002562714,0.295439192,27,0.161353459,0.555555556,1.280285714
285,10,0.336313228,0,-70.85619035,0.26300447,-0.00074477,0.166683464,27,0.841489886,0.57,0.967285714
286,10,0.175772491,0,-157.4795571,0.258640932,-0.004410486,0.219032522,18,0.577287685,0.579710145,0.341
287,10,0.196957125,0,-54.43766856,0.498758466,0.000842347,0.278769372,10,0.106804826,0.428571429,0.472428571
288,10,0.362837948,0,-12.29674614,0.273165831,-0.000158046,0.146144746,26,0.822932888,0.494382022,1.088
289,10,0.175889807,0,29.68748371,0.398440508,0.003567088,0.149994924,21,0.167083048,0.5,0.406714286
290,10,0.164404152,0,75.77609923,0.642857913,0.009972798,0.387212375,0,0.377101297,0.545454545,0.587857143
291,10,0.2452433,0,1.167430871,0.375956447,0.000245646,0.160680562,57,0.187894837,0.533333333,0.692428571
292,10,0.197221701,0,38.39395375,0.348780385,0.002710784,0.198515243,10,0.403248577,0.569620253,0.439714286
293,10,0.12519941,0,-135.8433935,0.320152001,-0.003296046,0.119246926,27,0.540826189,0.415584416,0.247285714
294,10,0.157043774,0,-127.1962057,0.403334497,-0.004807319,0.124250837,33,0.533112843,0.583333333,0.329714286
295,10,0.155334502,0,-52.35425088,0.415814612,-0.000711094,0.239217094,39,0.470701651,0.639344262,0.516571429
296,10,0.237047504,0,-16.06394752,0.627173602,-0.001000114,0.304636097,23,-0.139007118,0.46875,0.489
297,10,0.181148215,0,-128.9695928,0.687435751,-0.009741903,0.198515243,8,0.278808288,0.384615385,0.368285714
298,10,0.074294751,0,-13.10563776,0.340241875,-0.000195803,0.223718076,127,0.251590244,0.447761194,0.324285714
299,10,0.155452766,0,131.1481088,0.413513227,0.001088245,0.191444082,10,0.268737527,0.475609756,0.505571429
