,target,acceleration__cid_ce__normalize_False,"acceleration__agg_linear_trend__attr_""slope""__chunk_len_10__f_agg_""var""","acceleration__cwt_coefficients__coeff_4__w_20__widths_(2, 5, 10, 20)","acceleration__linear_trend__attr_""pvalue""",acceleration__permutation_entropy__dimension_7__tau_1,"acceleration__fft_coefficient__attr_""real""__coeff_5","acceleration__agg_linear_trend__attr_""stderr""__chunk_len_5__f_agg_""var""",acceleration__root_mean_square,acceleration__number_crossing_m__m_1,"acceleration__change_quantiles__f_agg_""var""__isabs_True__qh_1.0__ql_0.4"
0,1,0.552926758,-0.000282945,-0.195434396,5.1e-15,3.934148154,0.19252481,3.2e-05,0.167369203,0,0.000904321
1,1,0.531626749,0.000221059,-0.772002862,1.4e-12,3.764378119,3.713188754,7.29e-05,0.868652942,0,0.001261596
2,1,0.312294733,-8.39e-05,1.051746763,1.27e-14,3.66945612,0.390137989,4.76e-05,0.211197004,0,0.000644949
3,1,0.39944837,0.000114783,0.090627063,0.249777885,3.606363944,-3.396370578,2.01e-05,0.111390133,0,0.000374635
4,1,1.414975972,-0.002200772,1.69501181,3.18e-15,3.98641858,3.963144872,0.000349543,0.439737566,0,0.001007322
5,1,0.433752233,0.000374264,-0.047515811,1.7500000000000001e-31,3.889970512,-0.334843839,5.96e-05,0.330381997,0,0.000843626
6,1,0.992567882,-0.001227988,0.017067781,5.45e-31,4.23794016,3.032683122,0.000371977,0.425917068,0,0.00120927
7,1,0.667184382,-0.000415413,-1.096482636,1.9e-26,2.417812012,3.736652074,0.000146154,0.707030982,0,0.002653634
8,1,1.924570082,-0.000222631,2.200307849,8.22e-06,4.099006601,-7.818757704,0.000558917,0.63428229,0,0.007126065
9,1,1.141319412,0.001706023,2.077193173,6.1e-11,4.096398432,3.256065041,0.000300302,0.483558783,2,0.003600229
10,1,0.612971451,0.000562998,-0.011406135,6.61e-24,3.460268233,-1.659260254,0.000287672,0.399439872,0,0.001538729
11,1,0.550584235,0.000661756,0.238440617,0.039050107,4.183122927,-1.279481761,0.000213584,0.172970644,0,0.001301444
12,1,0.586926742,-0.00589415,0.257094282,0.86845267,3.170955571,-0.640994786,0.001132702,0.285791057,0,0.002516972
13,1,0.47378054,0.000196234,-0.240669391,0.132557953,3.595094179,-1.252752417,6.11e-05,0.134967643,0,0.000514121
14,1,0.642520039,-0.000265563,-1.910491172,2.0900000000000002e-29,3.916506482,-0.24130196,0.000134417,0.669525127,0,0.001566729
15,1,0.389412378,9.04e-06,-0.067383676,0.013683739,3.262822684,-0.206091357,8.02e-05,0.069317809,0,0.000532726
16,1,0.532832056,9.24e-05,-0.033314564,5.87e-06,4.087509768,-0.687859877,0.000173502,0.111475762,0,0.00189025
17,1,0.776692346,-6.24e-05,0.037114268,3.66e-08,4.373672158,-2.947209944,1.68e-05,0.113543961,0,0.000791495
18,1,0.655626418,-0.000358155,0.09016438,9.62e-37,3.870833538,1.518319812,0.000232236,0.476445151,0,0.001848898
19,1,0.573697656,0.000711654,-0.287817928,0.035229307,3.674597185,-0.068792298,0.000207074,0.178612656,0,0.001700354
20,1,1.145342743,-0.002089803,1.282401842,5.39e-18,3.7588958,5.099342302,0.000230255,0.366271627,0,0.002701039
21,1,0.570317455,-0.000561981,-1.334366034,1.1e-08,3.335226368,2.98741148,0.000172326,0.835071201,0,0.001210489
22,1,0.678760635,-7.19e-05,0.145963958,6.61e-06,4.156401105,0.985760725,2.7e-05,0.097939053,0,0.00109712
23,1,0.420946552,5.07e-05,0.055229401,0.893843675,3.228534997,-5.42774819,2.45e-05,0.124615408,0,0.000258163
24,1,0.778158082,-0.000287685,-0.228802789,2.1e-08,4.039889781,-1.28232795,6.43e-05,0.184102779,0,0.001093013
25,1,0.358429909,-0.000125212,-0.375751565,0.76962045,3.570785966,-0.391145009,1.44e-05,0.131383364,0,0.000452058
26,1,0.554497971,-0.002002038,0.329863207,2.17e-06,3.5657401,1.39160153,0.000531208,0.187056221,0,0.001887057
27,1,0.362847075,-0.000116157,0.284816463,2.78e-18,3.872804592,0.935636933,0.000154918,0.125781115,0,0.000596993
28,1,0.545315505,0.000424346,-0.396426882,0.087683893,3.919767867,-0.859955706,6.92e-05,0.207407849,0,0.001294086
29,1,0.405307291,3.29e-05,-0.506045902,0.074814907,3.526327921,-1.058929852,2.49e-05,0.194967366,0,0.00073283
30,2,5.879935034,0.044327249,0.7619983,0.059979684,3.171912861,-16.80767171,0.013952252,1.4060062,6,0.057726622
31,2,3.494694407,-0.005472772,0.178140444,0.566246284,3.071379821,-11.82871933,0.002702942,0.770757429,6,0.021114022
32,2,11.18650978,-0.018527655,0.388115243,0.94567261,2.985617301,-6.570692502,0.002221604,2.367445795,25,0.137329233
33,2,5.407212591,0.015867795,-0.706715886,0.878039264,3.444998466,37.91832047,0.001655992,1.844537246,10,0.042838067
34,2,4.718016532,-0.012970616,0.473025612,0.792155541,3.737581594,10.87029058,0.001737082,1.139571557,10,0.040243433
35,2,4.42715168,-0.004205013,0.547392277,0.709358275,3.541256522,-0.603751865,0.001891268,1.151535895,12,0.038006824
36,2,4.647106304,-0.009726386,0.320583608,0.807690188,3.743902963,8.866069852,0.001257703,1.07478359,10,0.031082369
37,2,2.243840681,0.005327863,5.673753478,0.028007138,2.860494866,3.937057416,0.001755297,1.291884019,4,0.019346994
38,2,2.270878244,0.003773085,7.472132885,0.163973509,3.44889066,-2.6525954,0.001437298,1.446590615,5,0.018282986
39,2,3.054935515,-0.119828785,-3.189625019,0.018615079,2.500621386,12.94054029,0.015532667,1.453893657,2,0.03709393
40,2,7.236150565,0.12106671,-0.057953214,0.817106084,3.125989068,12.26728113,0.04764876,2.666714124,6,0.141536421
41,2,6.25226359,0.097924272,1.043906114,0.212598167,3.078153568,-4.571381144,0.046904904,2.12197379,6,0.12128982
42,2,7.296444956,-0.000283136,2.274739126,0.651965073,2.744974828,40.77425339,0.00188986,1.97445343,17,0.0729451
43,2,4.279035172,0.044816273,-0.100360729,2.46e-05,3.542857551,-34.12149312,0.00290146,1.071538754,8,0.078385099
44,2,4.91541809,0.046341425,0.903330225,0.184909257,3.845659708,-56.78153159,0.012260235,1.224374359,4,0.059750393
45,2,2.623627832,0.007383096,6.097163486,0.952017183,3.721371697,-1.366518021,0.002209776,1.352002296,5,0.027851567
46,2,6.239326246,0.054210809,-0.480412531,0.996068469,2.957028618,122.1183463,0.003154883,2.151453219,10,0.075517513
47,2,4.642383116,-0.016436104,0.237429994,0.46309899,3.500078948,9.045572506,0.001957581,1.084681366,10,0.045712772
48,2,3.420195024,-0.024561303,-0.722732069,0.83228068,2.905333931,13.11222494,0.003933796,1.413177848,4,0.064903041
49,2,4.500825035,-0.076680084,0.818308202,0.90318112,2.901127548,10.44214089,0.018462183,1.755213143,6,0.125315141
50,2,3.036351429,0.010980172,7.074541136,0.007198587,3.298735306,5.530681748,0.003349812,1.560975841,5,0.031556418
51,2,2.828077616,-0.095215981,1.898487319,0.730029077,2.14420314,5.611962323,0.014353541,1.174892364,6,0.04176449
52,2,6.418331715,-0.117328663,-0.148784919,0.469428256,3.122439152,44.52597421,0.020259502,2.03929571,6,0.269949
53,2,1.867964935,-0.031294754,-0.699676531,0.876288294,3.389423281,9.424235764,0.003847133,0.570298006,2,0.022299213
54,2,1.798730386,-0.053949707,2.325326123,0.129235017,2.978779774,-2.321169538,0.011241553,0.775729349,4,0.036687583
55,2,7.351571533,0.141781432,0.340769965,0.037688487,3.577914672,-13.90280902,0.013779587,1.654259063,8,0.104298622
56,2,5.91605502,0.333521736,0.565393351,0.3245828,2.968550884,-23.15169354,0.037840616,2.087251816,6,0.113040286
57,2,3.852295549,0.02121489,-3.00500814,0.015002695,3.350293005,18.34079468,0.010726766,1.355294343,8,0.063409673
58,2,3.555248374,-0.005784732,7.717593115,6.22e-05,3.01996613,-6.669141827,0.006335854,1.853668348,4,0.044388916
59,2,3.2049273,-0.012649957,0.063266669,0.603124914,2.86395125,-3.503684506,0.00156529,0.652401981,6,0.014511504
60,3,2.823374045,-0.156974484,-2.735210445,0.001624965,3.320543879,1.251531708,0.020896705,1.408047481,2,0.013920572
61,3,1.430017133,-0.001927145,0.206041858,0.00563889,4.348409134,-2.724402694,0.000714407,0.418061233,2,0.006401831
62,3,1.073359213,-0.017139812,-3.507911408,6.36e-13,3.525631458,0.709536584,0.00245454,1.028014361,2,0.003304616
63,3,1.1295415,-0.002382543,1.833454635,0.000982533,3.98639187,-6.489200946,0.000921784,0.604524378,2,0.005250899
64,3,8.342624467,0.009451122,0.274523366,0.005793763,3.62221916,33.88198316,0.025424197,1.357829247,6,0.093996374
65,3,1.244245555,-0.000869346,0.186363343,0.967935961,3.205190331,-24.8930958,0.00016492,0.415725721,2,0.002677983
66,3,1.392396136,-0.001155722,0.087366035,0.976081335,3.271956245,-4.406038762,0.000379513,0.443495788,2,0.005697077
67,3,2.921559515,0.033286295,2.007213154,0.009175239,3.51338826,-17.18567233,0.007649017,1.536855407,2,0.071203266
68,3,1.129441455,-0.004067703,2.031705017,0.002825194,3.783962892,-2.016506075,0.000553587,0.497704187,2,0.00452744
69,3,1.648987568,-0.003278134,0.148507859,0.79155668,2.901464777,28.80217728,0.00052734,0.532606955,2,0.008125843
70,3,1.027344635,-0.002898527,2.210850246,0.01227934,3.851388734,-5.067452338,0.00024944,0.498710969,0,0.002266766
71,3,1.164328562,-0.007236169,-0.560767337,0.776236354,3.157718822,10.71964717,0.000286167,0.460030714,2,0.004060699
72,3,0.918633768,0.000679475,-2.167312068,1.69e-14,2.190086918,-1.30915989,0.0019874,1.022411889,2,0.009388538
73,3,2.442625432,0.042567678,1.966471419,0.008130078,3.676875526,-8.070617363,0.010022486,1.625292323,2,0.034681771
74,3,0.766383063,0.04098332,-0.673957248,0.003160334,3.444424045,-3.670247563,0.003371991,0.409660935,0,0.009232235
75,3,3.424079584,-0.005405162,1.936212178,0.000358477,4.194559217,-32.52449002,0.005795486,1.402026623,4,0.054603388
76,3,0.675222186,-0.000858551,-1.022456354,1.54e-21,3.729766877,-0.728885277,0.000659411,0.548253731,0,0.002989929
77,3,1.967895831,0.016973324,2.49447962,0.004638157,3.205956489,5.50715336,0.003116051,1.431256617,2,0.022505057
78,3,0.496647763,-0.000572153,-1.009814783,6.89e-25,2.75237379,1.17699,0.000289963,0.528009872,0,0.002040156
79,3,1.962830354,0.238742631,-5.477413498,3.5e-06,2.855255575,0.987041818,0.030608656,1.747107955,2,0.041762141
80,3,1.686630369,0.02005631,0.081234134,0.208124146,3.136957706,-1.70493366,0.008036463,0.687905698,2,0.008353436
81,3,2.81276021,0.016170205,3.343567307,0.00052817,3.529264846,10.84478872,0.013209649,1.756665325,2,0.039349935
82,3,0.944618441,0.00144899,-1.56853019,8.65e-10,3.170955571,-1.048176006,0.004155824,0.929966889,1,0.008924846
83,3,2.791479715,0.120944107,0.170476814,0.958412287,3.465089073,10.43928568,0.009466062,1.415896946,2,0.066349396
84,3,4.859003396,0.004836558,1.354600013,0.85287159,3.200857257,-78.96554878,0.016993722,1.650170469,2,0.073868062
85,3,0.989081392,-0.003938396,2.322946784,0.00158797,4.28917936,-5.907182369,9.62e-05,0.443802354,0,0.002270028
86,3,1.95328083,0.004101843,1.094326582,0.086194509,3.635714259,3.215101325,0.007984068,0.965238964,2,0.035652504
87,3,0.504551286,-0.000563357,-0.849576347,4.4e-22,3.677890988,-0.296494117,0.000450699,0.485767448,0,0.00200901
88,3,1.206023217,-0.004684156,1.787202537,0.024135975,3.595227308,2.619697431,0.000595948,0.48343802,0,0.002100991
89,3,2.947618191,0.022601543,2.142133386,0.029925321,3.502597992,-12.84244629,0.007123269,1.554772676,2,0.037598958
90,4,2.175877294,-0.000450305,-0.999348337,0.005653838,3.417195655,10.00956129,0.004375678,0.955083322,4,0.005727832
91,4,4.697194695,0.00736475,-0.455881222,0.771752286,3.403289951,-15.14919702,0.008581939,1.888454326,4,0.138261223
92,4,0.038,-0.00023104,-0.448009705,0.023856385,0.0,-0.001539267,0.000100043,0.238360117,0,0.0
93,4,4.245658488,-0.0212205,-0.61863898,0.822265606,3.030515288,7.614839655,0.015096767,1.98337296,4,0.096384287
94,4,1.989084211,-0.003272467,0.085749513,0.488526012,2.766957107,-27.41002106,0.000658606,0.517296651,2,0.005444814
95,4,4.368026099,-0.208391095,4.24587202,0.002060347,2.807030672,1.810492339,0.036266088,1.934514811,2,0.099621415
96,4,0.962359081,0.000614094,-0.307841806,0.047922815,2.72488769,-31.31586055,0.000181981,0.52378191,0,0.002028441
97,4,2.242994427,0.050270802,-1.600067166,1.25e-05,1.902291261,-3.300335078,0.007769032,1.574206424,2,0.024987797
98,4,1.448422935,-0.011559985,3.902836605,7.76e-16,3.551586472,-3.512595937,0.010367092,1.138352475,2,0.035106927
99,4,1.666522127,-0.003983172,0.306357021,0.256432891,3.750993094,-7.17344008,0.001851664,0.558033703,2,0.009275073
100,4,2.462877991,0.064659214,-1.799747206,2.82e-05,2.86047042,7.480632358,0.012208719,1.694686394,2,0.011365679
101,4,4.244317849,0.525656178,4.818868972,0.634797582,2.445763722,-2.661015957,0.090725054,2.855237617,3,0.164018339
102,4,2.741778073,-0.180641215,0.366972304,0.170146056,2.705530907,6.53015809,0.050940796,1.329445528,2,0.053454597
103,4,1.79150914,-0.004303715,-1.761186778,0.085919583,2.331035855,-3.609422742,0.012025052,0.829088991,2,0.027701295
104,4,2.335094859,0.086498728,-0.815924261,0.34407001,3.289730732,-5.395538814,0.040198661,1.047550224,4,0.042117748
105,4,4.536254953,-0.794363972,6.829272789,0.722039348,2.80005688,1.770121481,0.044419982,2.700176266,4,0.176856909
106,4,0.703605713,-0.006952729,2.820301113,2.12e-07,3.026611617,1.053549559,0.000793073,0.593335251,2,0.004546319
107,4,1.027153348,0.001177702,1.922321789,2.02e-08,3.197908201,3.69560067,0.001325715,0.72379952,2,0.008778837
108,4,1.003194398,0.02592976,-0.988745962,0.000995543,3.412523984,1.248830164,0.004614653,0.703382854,2,0.01187608
109,4,0.270730493,-1.1e-05,-0.204788382,3.83e-07,1.716295586,3.268499988,1.67e-06,0.273214166,0,0.000167242
110,4,2.823828784,0.024928485,-1.709343729,0.001815738,2.693689313,-18.12870823,0.007532949,1.481867187,2,0.025603014
111,4,2.371813441,0.082706476,-1.181908426,0.032866441,2.614180551,7.425811927,0.015470969,0.933062163,2,0.030848266
112,4,1.274031789,0.014497521,0.317327378,0.201665009,3.491391841,-8.219741415,0.002344303,0.549775078,2,0.00926263
113,4,0.985030456,-0.047463284,3.191335514,5.8e-08,2.644889444,0.190006952,0.003098119,0.721378428,2,0.012608181
114,4,1.692190592,-0.009960129,-2.395732723,0.170889778,2.897433965,9.403138693,0.002831198,0.791084522,2,0.00919631
115,4,4.324349893,-0.133865743,5.072668771,0.001088096,3.198967338,-1.563306102,0.031935163,1.668757675,2,0.064804028
116,4,4.501158406,-0.083958155,0.94079306,0.002325756,3.062654585,0.210579491,0.047356539,1.639937885,2,0.08206564
117,4,1.175374408,0.019835451,-0.706177742,0.476041569,2.148451712,-1.06279575,0.002060205,0.600380957,2,0.010476816
118,4,1.938026316,0.015812325,-1.330776223,7.37e-05,3.01376081,4.303178961,0.003094246,1.287622394,2,0.010158539
119,4,1.652531089,0.006394909,-0.099399424,0.559190711,2.325956604,14.99819718,0.001147511,0.544922575,2,0.011754428
120,5,0.376718728,-0.003336486,2.350253826,1.03e-19,3.382229552,-0.176310855,0.000452843,0.495113015,0,0.00137671
121,5,0.579039722,0.001004849,-0.28447773,7.48e-17,3.589162582,-1.398603219,0.000194588,0.309427821,0,0.001780196
122,5,0.392238448,-0.001226321,1.667328993,2.96e-07,3.121702436,0.943303765,0.000391774,0.472758818,0,0.001547582
123,5,0.441635596,5.24e-06,0.036382803,0.140155857,3.720701027,0.556655087,2.15e-05,0.057363573,0,0.000510027
124,5,0.561106051,-0.001668326,0.629807639,0.080344894,3.548582422,-1.373533037,0.000595706,0.185632781,0,0.003091811
125,5,0.458199738,3.51e-05,0.254868908,0.555558455,3.284099772,-1.070304058,0.000173907,0.148190161,0,0.000942151
126,5,0.576673218,-0.001506137,0.232404764,0.023672258,3.082822973,0.767379631,0.000441133,0.152783518,0,0.002040032
127,5,0.347869228,-0.002773956,1.70252827,1.09e-12,3.447048841,-0.064000077,0.000447151,0.415007957,0,0.001787361
128,5,1.307327809,0.013310806,-0.196696858,0.498592077,3.808072596,1.49535004,0.002586883,0.37059439,0,0.007725373
129,5,0.336544202,-2.15e-05,0.034190623,2.28e-05,3.456609735,0.953534418,9.73e-06,0.046311973,0,0.000395994
130,5,0.34235946,3.17e-05,0.002739297,0.776082487,3.883744961,1.263001337,1.07e-05,0.039386004,0,0.000399704
131,5,0.91660624,-0.001609668,0.073331163,0.724971289,3.430025501,-2.233221276,0.000236246,0.212658579,0,0.002798426
132,5,0.356506662,0.000700508,0.191997706,0.011862551,3.779198907,0.358411337,0.000118139,0.13296561,0,0.000435299
133,5,0.762507049,-0.012335148,-0.707822102,0.000174052,3.20517721,2.96257944,0.001298135,0.2779487,0,0.003004686
134,5,0.297581921,-0.001528891,1.813987555,1.11e-15,2.994462568,0.419944327,0.000180582,0.398937805,0,0.000999637
135,5,0.382129559,0.000216632,0.055483783,0.000448981,4.022333083,0.514650138,5.07e-05,0.080324547,0,0.000719972
136,5,3.528740994,0.028947624,0.188248929,0.182025128,3.029770375,3.087225707,0.014178868,0.739294101,4,0.066593613
137,5,0.932670896,-0.025123877,-0.754607437,0.000538284,2.951686201,2.415698396,0.002966813,0.318924582,0,0.007560774
138,5,1.499067043,-0.016447308,0.865534675,0.752104552,3.362129237,-4.544044376,0.003917861,0.511698304,2,0.017348026
139,5,0.775796365,-0.017785981,-1.2092188,1.96e-06,2.427929535,2.036828197,0.00291235,0.355813899,0,0.005119918
140,5,0.861813785,-0.000589274,0.188417634,0.530705788,3.409147576,-1.080275402,0.000148963,0.288672549,2,0.003569581
141,5,1.942077238,0.0179247,0.120202758,0.994871235,3.418549911,5.938926744,0.004564738,0.337627779,2,0.028232712
142,5,0.998288535,-0.036173004,1.732591985,0.032916766,3.347705834,3.048056794,0.006204782,0.467147728,2,0.0180936
143,5,0.493427806,-0.000310023,-0.036248519,0.51625785,3.168276749,3.924957388,5.18e-05,0.182875858,0,0.000723833
144,5,0.503871015,-0.000228328,0.105844917,0.553339622,3.293852526,-4.476469598,2.06e-05,0.201271412,0,0.000543828
145,5,1.078487367,0.006607652,0.029139237,0.114764591,3.70748909,-9.695584994,0.000548233,0.313368752,0,0.006085651
146,5,1.407136099,0.003945192,0.071734128,0.067502583,3.815935343,-4.81042359,0.001095812,0.280258424,0,0.006144552
147,5,0.630752725,0.000104682,-0.134934865,9.57e-37,2.934802563,0.086041924,0.00033842,0.275296672,0,0.001979635
148,5,0.824804825,-0.010359661,-0.587296922,0.000587328,3.399527545,0.881601394,0.002045303,0.235146763,0,0.003598027
149,5,0.615067476,-0.004641185,-0.338390964,0.816957145,3.536954686,1.587473067,0.000284179,0.172555362,0,0.004342281
150,6,1.353499908,0.001758579,0.079566394,0.377506388,3.483018995,-3.637400212,0.001030053,0.245566982,0,0.003425646
151,6,3.552644086,0.043189041,-0.072429695,0.081248684,3.44281458,1.43928666,0.034481008,1.186795253,2,0.197631611
152,6,1.263574295,-0.0163841,0.27209088,0.434029266,2.877742705,-1.849849402,0.008803073,0.416447251,2,0.014780788
153,6,0.692226841,-0.007360142,-0.236751361,0.000288601,3.449675035,-0.841822464,0.003088524,0.364401491,0,0.00163832
154,6,1.533105672,-0.089189506,0.556017492,0.626881978,3.166639344,-0.50335895,0.01085547,0.465903909,2,0.02211568
155,6,0.783455168,-0.000423258,0.167424244,0.807179688,2.55180013,0.543311158,4.94e-05,0.116890445,0,0.002098245
156,6,1.145640432,0.011224726,0.147556101,0.046698528,3.362614651,-0.141442908,0.010795853,0.433780005,0,0.008498069
157,6,1.343089349,0.061857465,0.376633081,0.490992501,3.184894065,-3.631406515,0.002332825,0.448433205,0,0.004887286
158,6,1.932818667,-0.002969415,-0.003380983,0.23438669,2.55179146,7.115982628,0.001532403,0.275906403,2,0.017566792
159,6,2.217396221,0.185272037,0.563871123,0.786987775,3.397835427,1.715384388,0.013050003,0.583153267,2,0.009241672
160,6,0.722588403,-0.000663291,0.139188173,3.57e-05,2.595678997,-3.248498337,8.19e-05,0.146760364,0,0.001501242
161,6,3.432554151,0.049971479,0.02054393,0.108413901,3.05889018,-2.757345925,0.007708085,0.828354313,4,0.084385224
162,6,2.671065705,0.008429344,-0.15752935,0.002371595,3.57588077,11.51597658,0.002188595,0.452415289,2,0.024427928
163,6,0.884350044,-0.020619989,0.220364538,0.541652152,3.106496905,0.380553527,0.00632156,0.280084164,0,0.004557987
164,6,0.45159938,-0.002199724,0.16746896,0.000148524,3.279907332,0.979816258,0.000434341,0.254434082,0,0.001749023
165,6,2.001201639,0.008979613,0.235840288,0.871311472,3.371851902,0.353174796,0.003607615,0.357887577,2,0.01601814
166,6,0.540825295,0.000994269,0.221714649,0.023519768,3.684055837,0.046115424,0.000497054,0.180920008,0,0.002501172
167,6,0.446444845,5.06e-05,0.069261158,4.13e-22,3.583126001,-0.294619705,3.3e-05,0.129746478,0,0.000414581
168,6,0.857204176,0.016407777,0.183064446,5.79e-07,3.388474815,2.099343006,0.002634958,0.390453173,0,0.009684749
169,6,0.923174956,0.000425774,0.255154481,2.58e-09,3.322767525,5.051450335,0.000350141,0.246242951,2,0.004745828
170,6,1.300218443,-0.001682897,0.180905661,0.885664449,2.552806834,4.022356295,0.00058503,0.19898489,2,0.00473171
171,6,1.305933,0.072548803,-0.374868924,0.004570983,3.194276898,-0.179495556,0.010827646,0.575619666,0,0.005849409
172,6,1.002131229,0.000489252,0.02415643,0.000160018,3.280282478,2.209365894,0.000970134,0.341305379,0,0.00159291
173,6,4.043012243,-0.263603145,2.807326327,0.019422966,3.502677727,-16.51613855,0.010662246,1.052579041,4,0.206200867
174,6,0.979966326,0.000660931,-0.07394413,3.98e-06,2.7934689,-4.072982418,0.001337622,0.457334578,0,0.001757809
175,6,1.759790328,-0.001135033,0.032920544,0.022756097,2.926096795,-0.441414071,0.000604954,0.270693836,2,0.01011708
176,6,1.134708333,-2.43e-05,0.607875799,0.946021789,3.165917516,0.976585407,0.00707227,0.33827047,0,0.005471443
177,6,1.05114176,0.014224988,0.199681613,0.001740524,3.517299151,3.06522761,0.003923424,0.357351636,0,0.012440889
178,6,1.332587708,0.002149997,0.015353523,6.66e-06,3.283150596,-2.133230871,0.000646246,0.23071546,0,0.003389842
179,6,1.116574225,0.001167816,-0.127834921,0.001294472,3.150784536,-6.946656455,0.000598395,0.398086483,0,0.002165162
180,7,1.02407861,0.00062775,-0.139542916,0.484601328,3.177785404,-19.80649202,0.000334752,0.569337462,0,0.002944744
181,7,1.041708692,-0.000487316,-3.07921044,0.554217591,3.318553821,0.313834029,0.000430761,0.665842568,2,0.003815051
182,7,1.089114319,0.001439293,-0.124434825,0.384680438,3.000616796,-8.07652294,0.000182158,0.625740423,2,0.002388704
183,7,0.920571562,-0.000135414,-0.74992069,9.84e-12,3.047317114,4.66353933,0.000984491,0.904085945,2,0.002938542
184,7,0.93617947,-0.00118088,-2.184787929,0.831191222,2.855754181,-1.896841157,0.000421548,0.728954162,3,0.003076855
185,7,0.679605032,0.001326,-0.37581656,0.777886927,3.17359325,1.456269116,0.000127619,0.563410727,2,0.001532924
186,7,0.88121507,-0.001518939,-2.069332064,0.613149141,3.017936465,4.151980164,0.000520922,0.581320603,0,0.005371403
187,7,0.849419802,0.000626585,0.26324762,0.000246866,3.843896576,8.167311085,8.67e-05,0.444890123,0,0.001485954
188,7,0.441830284,-0.000357432,0.825836001,0.175098456,2.425889596,-3.564282889,2.51e-05,0.381278944,0,0.000606176
189,7,1.613525023,-0.000407939,-0.268016982,0.109142312,2.9907188,30.76247899,0.001780151,0.552054352,2,0.00884745
190,7,0.629555399,0.001120479,0.131261357,0.013478134,3.111085169,-6.22918211,7.6e-05,0.568476769,2,0.001049842
191,7,0.936499333,-0.000699207,0.770705664,0.096451725,3.083252684,8.077600255,0.000219809,0.559524856,2,0.00242321
192,7,1.038964388,0.000907659,0.188587873,0.569219881,3.430222614,-19.75399261,0.000163201,0.521931754,2,0.002265781
193,7,1.079681434,0.03787247,-0.322537259,6.41e-12,3.356100151,4.982218746,0.001158595,0.88728822,2,0.003517391
194,7,1.006678697,0.001217137,0.083070091,0.582109781,3.56840077,3.717783932,0.000138232,0.481890477,4,0.002027244
195,7,1.240201597,0.004548582,-0.050226901,0.140868471,3.132019342,12.66994497,0.000353144,0.651751515,2,0.003442953
196,7,0.883885174,0.005641657,-0.670845793,1.24e-12,3.451252143,2.452969632,0.000942003,0.913206439,4,0.003438572
197,7,1.153775541,0.001216168,0.117137912,0.59513478,3.093278046,-35.25890294,0.00021595,0.555820927,4,0.003464559
198,7,1.239031073,0.032638218,3.646773915,1.69e-11,3.215279609,3.260165554,0.001450858,0.942319891,3,0.016793463
199,7,0.96783418,0.001659552,-2.329739479,0.898532034,3.262024866,-0.786482671,0.000286966,0.712319484,4,0.004158604
200,7,1.118962913,0.00180896,0.212980037,0.946396276,3.206019042,-19.58310849,0.00020699,0.596263281,2,0.003295413
201,7,0.65377825,0.000258636,0.36268163,0.001389261,3.083208344,-1.217710813,6.52e-05,0.541861695,2,0.001086803
202,7,1.447235986,-0.007965141,-3.22945027,0.191017437,3.039006682,-0.526531541,0.0015197,1.018918932,2,0.010164281
203,7,0.842722968,0.017442365,2.160731106,2.6e-18,3.058649804,-0.239041648,0.001251128,0.799207907,2,0.003446287
204,7,1.209642096,-0.00146654,-0.80122498,0.593542116,3.96391122,-4.793603862,0.000580274,0.527181657,2,0.002900499
205,7,1.77614442,-0.004999798,0.093123399,0.229527202,3.779433813,5.235076501,0.001822309,1.215681892,0,0.008097284
206,7,1.194239507,-0.007473306,-0.327673758,0.044328245,2.966781254,12.04185497,0.001689159,0.545813252,2,0.00665959
207,7,0.443547066,-0.000169266,-0.19871633,0.075873449,2.681554845,0.594280026,3.92e-05,0.385349275,0,0.000628185
208,7,0.840553984,-0.001493245,-2.487876491,0.826912904,3.295707263,2.889439502,0.000441133,0.581061354,2,0.003240756
209,7,0.767131019,-0.00057745,-0.057401679,0.568793964,3.089935377,-6.894462708,0.000192063,0.476853221,2,0.00117316
210,8,0.883801448,-0.002464195,3.051046696,0.180836765,2.568434728,1.186305846,0.00032213,0.664157762,0,0.00207366
211,8,0.850446941,-0.002837889,3.286954102,0.445510975,3.050403969,-0.6576755,0.000189545,0.60380749,0,0.002484065
212,8,2.035656405,-0.002006867,1.184898519,0.00223456,3.425779725,4.3434475,0.002491882,1.313399751,2,0.016390681
213,8,0.90450539,0.001286121,-0.095395274,0.012383242,3.210847755,-0.178609395,8.58e-05,0.519861269,2,0.001853586
214,8,1.835414939,0.012476521,4.646468985,0.227552554,2.199115268,-0.803460362,0.002644705,1.344633679,4,0.022903242
215,8,0.824996364,-0.001151943,2.554703086,0.83344134,2.937358086,0.68821291,0.000344089,0.57744834,0,0.001589783
216,8,0.812366297,0.002216955,-0.349474854,7.9e-08,2.67201399,-4.221228028,0.001052542,0.639220444,0,0.003229909
217,8,0.834212203,0.000768838,0.224321835,0.193768752,2.687877996,-29.58828931,9.14e-05,0.414960529,2,0.001253649
218,8,0.613167188,0.000116398,1.333430903,0.022828525,2.320712296,-1.417360294,8.66e-05,0.41830144,0,0.000940608
219,8,0.607114487,-0.009732056,-1.755944461,1.05e-08,1.897943118,0.413210298,0.00063537,0.696221737,0,0.002387386
220,8,1.766728332,0.000266063,2.795699945,0.735842003,3.729019307,-1.917021326,0.002716287,0.674265614,2,0.018418046
221,8,1.460905541,0.003285482,1.84052189,0.002921941,3.706215819,0.583377624,0.000991781,0.638456575,2,0.011537969
222,8,0.727668881,0.001413222,0.892922505,0.531335415,3.794758158,2.304231641,0.000339395,0.481977272,0,0.002140377
223,8,0.571979021,-0.003120771,-0.234666771,1.39e-11,2.314988412,0.703509806,0.000500807,0.636842169,0,0.002245059
224,8,1.517762498,0.021734366,2.834165108,0.914958463,2.507143961,10.53054269,0.001664253,0.99647111,2,0.012293014
225,8,2.810768578,0.022721881,0.361850226,0.041088023,3.694111825,-6.952962657,0.002091838,1.346760184,4,0.038598754
226,8,0.946832086,0.001224073,2.41637558,0.039181767,3.966286451,2.36154173,0.000453793,0.550642383,2,0.004815492
227,8,1.533460466,0.0166766,4.252412789,0.117508844,2.836571003,5.590112128,0.001271981,1.111580257,2,0.012425769
228,8,0.981984725,-0.004512907,-1.040945919,0.052344932,2.73273968,9.04873152,0.000204235,0.521790843,4,0.004417655
229,8,1.58948671,-0.004304863,-0.018138736,0.27416058,2.839029774,3.49710697,0.001305435,0.975428455,2,0.010108321
230,8,1.380056883,0.000859943,-0.037835301,0.056819775,3.32989568,15.57256471,0.000641855,0.556323704,4,0.007833553
231,8,1.596049811,-0.001430912,1.234812882,0.000418634,3.767310925,6.558589919,0.00065488,1.087823894,0,0.004769491
232,8,0.65371171,-0.006305068,-0.065226666,4.58e-07,2.578966742,-1.443815127,0.000994518,0.566814681,0,0.004242419
233,8,0.797541848,-0.002540406,1.527320953,0.779978458,2.552498678,-0.777476902,0.000237907,0.496069969,0,0.002477064
234,8,0.96377902,-0.006439503,2.833700346,0.606812938,2.57711135,-8.661771509,0.000598689,0.636902211,2,0.003972161
235,8,1.019575402,0.002510411,2.465751721,1.68e-05,3.222496492,-3.952734232,0.00079601,0.633098063,4,0.006511112
236,8,0.905215996,-0.002411043,2.865445654,0.065620306,3.011760109,7.859522811,0.000225276,0.593570411,0,0.002157776
237,8,1.746063573,-0.008417746,0.61475633,0.271408719,2.993299929,11.50637853,0.002192188,0.805055811,2,0.008422066
238,8,1.688864115,0.004308567,0.155316587,0.487119972,3.197678645,-4.243448089,0.000783269,1.023404417,2,0.007008196
239,8,1.508668287,0.005835274,-0.243024399,0.557306815,2.705899072,-5.234188342,0.001522663,0.800369405,2,0.01008366
240,9,0.789448542,0.001919349,-0.389462302,0.781123506,3.051792763,-0.394600798,0.001236349,0.376291813,0,0.005442265
241,9,0.963818966,0.000930739,0.079790942,0.000463362,3.314097602,0.083975146,0.000262076,0.137765156,0,0.001599722
242,9,0.63093819,-0.001904467,0.542043052,0.635410698,2.702038864,-4.426852245,0.000233538,0.263441459,0,0.001113794
243,9,0.622502209,0.006068855,0.370655501,0.818301092,2.85923212,-0.069899305,0.002296787,0.209194822,0,0.001463143
244,9,0.929118937,0.001596387,0.107385008,0.058550354,3.536016918,-2.258669481,0.000432341,0.180085402,0,0.002331608
245,9,0.78461583,0.011601397,0.344206304,0.448786485,2.877742705,-0.401787107,0.003046188,0.306227618,0,0.004258587
246,9,1.13754912,0.000679498,0.134188892,0.00031549,3.507030719,6.076691217,0.000484225,0.225247358,0,0.003119912
247,9,1.156003028,0.033932501,-0.091506856,0.227541556,2.905555677,-4.815744252,0.001507875,0.298743067,0,0.007879097
248,9,0.757305751,0.001881921,0.099140395,0.157098007,3.392494775,3.941102893,0.000301887,0.161475425,0,0.001029738
249,9,0.806171818,0.001268058,0.121530998,0.616211474,3.239309656,1.463798449,0.000214553,0.174800733,0,0.002826808
250,9,1.011643218,-0.001965211,0.137922684,0.888744281,3.868718779,-7.22274,0.000463555,0.210367133,0,0.001704923
251,9,0.524867602,-9.59e-05,0.214055552,0.380497667,3.578349249,3.064194805,5.11e-05,0.178501323,0,0.000630517
252,9,0.532977485,-0.000187125,0.08039243,0.732960857,3.140284994,0.66005507,0.000231031,0.129049649,0,0.000882977
253,9,1.807347504,0.015141181,0.082616092,0.881351938,3.098509929,-1.712325436,0.015094304,0.59651828,2,0.022066173
254,9,1.057449762,-0.011052331,-1.764245609,0.154769225,3.389336583,1.150081839,0.006385392,0.619607739,0,0.009870601
255,9,0.508596107,0.000652198,0.724556767,0.079103984,3.647820393,-0.363241096,0.000343367,0.365680004,0,0.001858288
256,9,1.148753237,0.056010709,0.16882412,0.031059534,3.357829738,-3.190951315,0.006915175,0.42619531,2,0.018688778
257,9,0.52020669,-0.000160871,0.794766118,0.371226748,3.83531207,-1.742430315,2.77e-05,0.181027887,0,0.000655506
258,9,1.169672176,0.00291842,-0.026237891,0.016194109,3.412653959,-0.15911638,0.000600836,0.246184128,0,0.004566869
259,9,0.722794577,0.016180958,1.225226165,0.000195948,3.291714404,0.67339044,0.002371296,0.347035949,0,0.00223329
260,9,0.765391403,0.004512277,-0.113275583,0.010026457,3.379597637,2.043001562,0.000721335,0.201513381,0,0.004258371
261,9,0.800350548,0.000745315,0.006207929,0.802391191,3.651478431,0.479847279,0.000325998,0.165115721,0,0.001553545
262,9,0.558950803,-0.000180516,0.198699802,0.874120344,3.342678614,-11.04170095,5.33e-05,0.260055248,0,0.00059344
263,9,0.292431188,-0.000996744,0.220812985,3.97e-05,3.110964179,-0.182463429,6.82e-05,0.198663147,0,0.000803052
264,9,0.568051054,-0.001168665,0.289676744,0.000279433,2.876179523,-4.248115742,8.24e-05,0.211400707,0,0.001306582
265,9,0.370834195,-2.07e-05,0.202972063,0.011555593,2.748775891,-7.287422004,1.1e-05,0.244812354,0,0.000316607
266,9,0.246294539,0.002503183,1.043216766,0.021041376,3.335770806,-0.182829904,0.000335523,0.345145278,0,0.000549111
267,9,0.521138177,0.006552315,0.162053952,0.047562154,3.337821586,-1.643552297,0.000840051,0.145237034,0,0.001856592
268,9,0.688491104,-0.001263672,0.101111169,0.595927109,2.67201399,-2.206753968,0.000930471,0.170350336,0,0.003546676
269,9,0.62960702,0.001896323,0.384258565,0.964361743,3.531843025,0.382507532,0.000129446,0.224508641,0,0.001311847
270,10,0.471128433,0.001475984,0.035157359,0.059758906,2.82902875,-0.290653418,0.000226952,0.175292299,0,0.001214876
271,10,0.484641104,0.001080212,0.087981411,0.006917751,3.131124575,-1.21955586,0.000154437,0.195487362,0,0.001329345
272,10,0.744805344,0.004140617,0.198287617,0.006584017,3.239202404,-2.324235234,0.000597375,0.186313879,0,0.003472387
273,10,0.815870088,0.001645538,0.21235245,0.002629523,3.747070133,-0.024241943,0.000376792,0.246115089,0,0.003069484
274,10,0.582316065,-0.010440572,0.167039955,0.001210171,3.433987204,0.560106861,0.001392605,0.267386702,0,0.005386589
275,10,0.596064594,0.00055803,0.094539441,0.020303332,3.875558241,1.021285489,5.32e-05,0.164621585,0,0.00128888
276,10,1.055403714,-0.002496905,-0.369562924,0.001270503,3.279016927,1.852834196,0.001335521,0.274753552,2,0.007081511
277,10,1.568883361,0.005553965,0.029987826,0.205042433,3.170556013,-4.012146033,0.001480243,0.337861411,2,0.011120977
278,10,1.190163854,0.016207271,0.220539247,0.404582229,3.48025958,14.04593439,0.000629898,0.522557784,2,0.010111431
279,10,0.592854114,0.001703157,0.037581262,0.104502822,3.726566446,-2.184988163,0.000827786,0.206671832,0,0.001552278
280,10,0.380942253,-0.00052694,-0.213709445,0.143191441,3.070935093,1.065725222,0.000118947,0.219554803,0,0.000579326
281,10,0.958395013,-0.014729463,0.49276654,0.003426022,3.207657694,-2.273467481,0.001792011,0.382464697,0,0.004395582
282,10,0.319155135,0.00095174,0.143214404,0.000486126,3.629595055,2.280925464,0.00013351,0.138678743,0,0.000654222
283,10,0.486995893,0.002163349,0.596549372,4.3e-07,3.314295722,0.895923192,0.001083723,0.371649955,0,0.003170022
284,10,1.470320033,-0.029224251,0.081794675,0.697687117,2.916140192,1.296219908,0.011182818,0.596713741,0,0.019819743
285,10,0.747350654,0.001331842,0.086546377,0.071200241,2.89478551,3.566234776,0.000154617,0.340123772,0,0.001344323
286,10,0.40001625,0.002327893,0.007265848,1.23e-05,3.697217467,0.778391828,0.000300962,0.177704159,0,0.000923323
287,10,0.625541366,0.001495616,0.678919191,0.679730763,3.160189725,-0.962370823,0.000594125,0.279147646,0,0.00358429
288,10,0.753994032,0.000113024,-0.029100659,0.766815711,3.387929015,13.1203583,0.000134406,0.363966553,0,0.001407945
289,10,0.530475259,0.009210834,-0.125806913,0.013654756,2.921004581,-1.348125315,0.000767551,0.183675714,0,0.003148221
290,10,0.376516932,-0.002638842,0.729712999,9.73e-10,3.080709435,0.152803923,0.000719438,0.39671469,0,0.001593151
291,10,1.032211219,0.002464667,0.018268813,0.758510846,3.438427217,2.413233971,0.000618048,0.245386789,0,0.005651811
292,10,0.539774027,0.002538851,-0.027999988,0.0049131,3.067539039,-1.356508491,0.000577275,0.245427346,0,0.001854581
293,10,0.370932608,-0.000658109,0.004452268,2.29e-08,3.907257707,-0.13172662,0.000105484,0.136695367,0,0.000852488
294,10,0.486918884,0.000246042,-0.019421906,1.91e-09,3.632831233,-1.387273337,0.000344692,0.16008496,0,0.001601143
295,10,0.632918636,0.00102782,0.057588578,0.07606248,3.86109851,-1.480772346,0.000124596,0.158258038,0,0.001893236
296,10,0.843075916,0.001737123,0.411719448,0.540438873,3.583412584,2.52968603,0.001298154,0.237195957,0,0.002054568
297,10,0.448558803,-0.004480295,0.714097445,4.46e-05,3.026752728,-0.420202171,0.000793548,0.222505373,0,0.001898966
298,10,0.42668138,-0.000467179,-0.095286071,0.24116022,2.97512127,0.06569298,5.79e-05,0.159772273,0,0.000434677
299,10,0.480552807,0.000245103,-0.04764166,0.136820689,2.780272542,-0.923088808,0.000338032,0.22912945,0,0.00190974
